Provinsi, Komoditas (Rp) ,01/01/2023,02/01/2023,03/01/2023,04/01/2023,05/01/2023,06/01/2023,07/01/2023,08/01/2023,09/01/2023,10/01/2023,11/01/2023,12/01/2023,13/01/2023,14/01/2023,15/01/2023,16/01/2023,17/01/2023,18/01/2023,19/01/2023,20/01/2023,21/01/2023,22/01/2023,23/01/2023,24/01/2023,25/01/2023,26/01/2023,27/01/2023,28/01/2023,29/01/2023,30/01/2023,31/01/2023,01/02/2023,02/02/2023,03/02/2023,04/02/2023,05/02/2023,06/02/2023,07/02/2023,08/02/2023,09/02/2023,10/02/2023,11/02/2023,12/02/2023,13/02/2023,14/02/2023,15/02/2023,16/02/2023,17/02/2023,18/02/2023,19/02/2023,20/02/2023,21/02/2023,22/02/2023,23/02/2023,24/02/2023,25/02/2023,26/02/2023,27/02/2023,28/02/2023,01/03/2023,02/03/2023,03/03/2023,04/03/2023,05/03/2023,06/03/2023,07/03/2023,08/03/2023,09/03/2023,10/03/2023,11/03/2023,12/03/2023,13/03/2023,14/03/2023,15/03/2023,16/03/2023,17/03/2023,18/03/2023,19/03/2023,20/03/2023,21/03/2023,22/03/2023,23/03/2023,24/03/2023,25/03/2023,26/03/2023,27/03/2023,28/03/2023,29/03/2023,30/03/2023,31/03/2023,01/04/2023,02/04/2023,03/04/2023,04/04/2023,05/04/2023,06/04/2023,07/04/2023,08/04/2023,09/04/2023,10/04/2023,11/04/2023,12/04/2023,13/04/2023,14/04/2023,15/04/2023,16/04/2023,17/04/2023,18/04/2023,19/04/2023,20/04/2023,21/04/2023,22/04/2023,23/04/2023,24/04/2023,25/04/2023,26/04/2023,27/04/2023,28/04/2023,29/04/2023,30/04/2023,01/05/2023,02/05/2023,03/05/2023,04/05/2023,05/05/2023,06/05/2023,07/05/2023,08/05/2023,09/05/2023,10/05/2023,11/05/2023,12/05/2023,13/05/2023,14/05/2023,15/05/2023,16/05/2023,17/05/2023,18/05/2023,19/05/2023,20/05/2023,21/05/2023,22/05/2023,23/05/2023,24/05/2023,25/05/2023,26/05/2023,27/05/2023,28/05/2023,29/05/2023,30/05/2023,31/05/2023,01/06/2023,02/06/2023,03/06/2023,04/06/2023,05/06/2023,06/06/2023,07/06/2023,08/06/2023,09/06/2023,10/06/2023,11/06/2023,12/06/2023,13/06/2023,14/06/2023,15/06/2023,16/06/2023,17/06/2023,18/06/2023,19/06/2023,20/06/2023,21/06/2023,22/06/2023,23/06/2023,24/06/2023,25/06/2023,26/06/2023,27/06/2023,28/06/2023,29/06/2023,30/06/2023,01/07/2023,02/07/2023,03/07/2023,04/07/2023,05/07/2023,06/07/2023,07/07/2023,08/07/2023,09/07/2023,10/07/2023,11/07/2023,12/07/2023,13/07/2023,14/07/2023,15/07/2023,16/07/2023,17/07/2023,18/07/2023,19/07/2023,20/07/2023,21/07/2023,22/07/2023,23/07/2023,24/07/2023,25/07/2023,26/07/2023,27/07/2023,28/07/2023,29/07/2023,30/07/2023,31/07/2023,01/08/2023,02/08/2023,03/08/2023,04/08/2023,05/08/2023,06/08/2023,07/08/2023,08/08/2023,09/08/2023,10/08/2023,11/08/2023,12/08/2023,13/08/2023,14/08/2023,15/08/2023,16/08/2023,17/08/2023,18/08/2023,19/08/2023,20/08/2023,21/08/2023,22/08/2023,23/08/2023,24/08/2023,25/08/2023,26/08/2023,27/08/2023,28/08/2023,29/08/2023,30/08/2023,31/08/2023,01/09/2023,02/09/2023,03/09/2023,04/09/2023,05/09/2023,06/09/2023,07/09/2023,08/09/2023,09/09/2023,10/09/2023,11/09/2023,12/09/2023,13/09/2023,14/09/2023,15/09/2023,16/09/2023,17/09/2023,18/09/2023,19/09/2023,20/09/2023,21/09/2023,22/09/2023,23/09/2023,24/09/2023,25/09/2023,26/09/2023,27/09/2023,28/09/2023,29/09/2023,30/09/2023,01/10/2023,02/10/2023,03/10/2023,04/10/2023,05/10/2023,06/10/2023,07/10/2023,08/10/2023,09/10/2023,10/10/2023,11/10/2023,12/10/2023,13/10/2023,14/10/2023,15/10/2023,16/10/2023,17/10/2023,18/10/2023,19/10/2023,20/10/2023,21/10/2023,22/10/2023,23/10/2023,24/10/2023,25/10/2023,26/10/2023,27/10/2023,28/10/2023,29/10/2023,30/10/2023,31/10/2023,01/11/2023,02/11/2023,03/11/2023,04/11/2023,05/11/2023,06/11/2023,07/11/2023,08/11/2023,09/11/2023,10/11/2023,11/11/2023,12/11/2023,13/11/2023,14/11/2023,15/11/2023,16/11/2023,17/11/2023,18/11/2023,19/11/2023,20/11/2023,21/11/2023,22/11/2023,23/11/2023,24/11/2023,25/11/2023,26/11/2023,27/11/2023,28/11/2023,29/11/2023,30/11/2023,01/12/2023,02/12/2023,03/12/2023,04/12/2023,05/12/2023,06/12/2023,07/12/2023,08/12/2023,09/12/2023,10/12/2023,11/12/2023,12/12/2023,13/12/2023,14/12/2023,15/12/2023,16/12/2023,17/12/2023,18/12/2023,19/12/2023,20/12/2023,21/12/2023,22/12/2023,23/12/2023,24/12/2023,25/12/2023,26/12/2023,27/12/2023,28/12/2023,29/12/2023,30/12/2023,31/12/2023,01/01/2024,02/01/2024,03/01/2024,04/01/2024,05/01/2024,06/01/2024,07/01/2024,08/01/2024,09/01/2024,10/01/2024,11/01/2024,12/01/2024,13/01/2024,14/01/2024,15/01/2024,16/01/2024,17/01/2024,18/01/2024,19/01/2024,20/01/2024,21/01/2024,22/01/2024,23/01/2024,24/01/2024,25/01/2024,26/01/2024,27/01/2024,28/01/2024,29/01/2024,30/01/2024,31/01/2024,01/02/2024,02/02/2024,03/02/2024,04/02/2024,05/02/2024,06/02/2024,07/02/2024,08/02/2024,09/02/2024,10/02/2024,11/02/2024,12/02/2024,13/02/2024,14/02/2024,15/02/2024,16/02/2024,17/02/2024,18/02/2024,19/02/2024,20/02/2024,21/02/2024,22/02/2024,23/02/2024,24/02/2024,25/02/2024,26/02/2024,27/02/2024,28/02/2024,29/02/2024,01/03/2024
Aceh,Beras Premium,12.370,12.340,12.380,12.380,12.380,12.360,12.360,12.330,12.440,12.440,12.470,12.490,12.510,12.490,12.490,12.560,12.560,12.570,12.540,12.580,12.570,12.550,12.570,12.590,12.670,12.680,12.680,12.630,12.570,12.710,12.930,12.730,12.770,12.760,12.760,12.690,12.830,12.810,12.770,12.810,12.810,12.800,12.820,12.860,12.850,12.820,12.810,12.810,12.720,12.720,12.810,12.800,12.850,12.820,12.810,12.760,12.800,12.780,12.810,12.800,12.770,12.790,12.770,12.720,12.680,12.690,12.720,12.720,12.700,12.630,12.700,12.690,12.670,12.620,12.560,12.670,12.650,12.650,12.650,12.650,12.660,12.630,12.660,12.630,12.600,12.660,12.640,12.620,12.640,12.570,12.560,12.630,12.640,12.630,12.680,12.620,12.620,12.620,12.620,12.630,12.590,12.580,12.610,12.610,12.610,12.620,12.660,12.660,12.620,12.660,12.640,12.300,12.570,12.710,12.620,12.640,12.670,12.700,12.740,12.690,12.700,12.750,12.720,12.700,12.720,12.760,12.720,12.720,12.720,12.720,12.720,12.760,12.690,12.720,12.760,12.720,12.730,12.720,12.730,12.760,12.750,12.720,12.690,12.710,12.710,12.700,12.710,12.660,12.660,12.670,12.670,12.660,12.700,12.670,12.670,12.680,12.680,12.700,12.640,12.630,12.570,12.700,12.690,12.640,12.600,12.590,12.600,12.600,12.590,12.590,12.590,12.560,12.620,12.620,12.620,12.620,12.480,12.700,12.620,12.580,12.610,12.590,12.630,12.640,12.640,12.640,12.630,12.640,12.640,12.670,12.680,12.730,12.620,12.670,12.690,12.710,12.710,12.800,12.760,12.770,12.770,12.780,12.810,12.840,12.820,12.820,12.760,12.850,12.850,12.760,12.820,12.860,12.910,12.900,12.940,12.900,12.940,12.950,12.950,12.950,13.030,13.010,13.020,13.020,13.050,12.960,13.030,12.990,13.000,13.070,12.980,13.040,13.100,13.090,13.090,13.220,13.240,13.240,13.200,13.270,13.280,13.310,13.480,13.450,13.480,13.610,13.600,13.640,13.640,13.730,13.690,13.710,13.710,13.760,13.750,13.850,13.970,14.130,13.990,14.080,14.200,14.220,14.340,14.250,14.350,14.410,14.390,14.420,14.420,14.490,14.790,14.490,14.510,14.490,14.520,14.540,14.450,14.500,14.470,14.490,14.490,14.540,14.480,14.490,14.520,14.500,14.530,14.480,14.490,14.470,14.450,14.430,14.500,14.470,14.490,14.490,14.490,14.470,14.480,14.480,14.480,14.420,14.470,14.470,14.510,14.520,14.460,14.560,14.490,14.460,14.450,14.480,14.430,14.490,14.440,14.420,14.460,14.460,14.520,14.430,14.420,14.360,14.390,14.360,14.350,14.410,14.390,14.390,14.390,14.410,14.380,14.390,14.360,14.410,14.360,14.330,14.370,14.420,14.340,14.360,14.370,14.340,14.350,14.380,14.410,14.410,14.410,14.410,14.350,14.400,14.410,14.370,14.370,14.350,14.270,14.330,14.410,14.340,14.330,14.370,14.420,14.370,14.370,14.310,14.390,14.280,14.320,14.290,14.280,14.320,14.330,14.330,14.330,14.330,14.330,14.330,14.300,14.330,14.350,14.300,14.340,14.350,14.390,14.440,14.720,14.720,14.440,14.450,14.470,14.490,14.480,14.500,14.510,14.520,14.520,14.520,14.520,14.460,14.560,14.530,14.520,14.600,14.620,14.570,14.410,14.550,14.520,14.500,14.490,14.600,14.500,14.490,14.600,14.630,14.580,14.610,14.640,14.870,14.640,14.720,14.680,14.630,14.650,14.680,14.620,14.600
Aceh,Beras Medium,11.250,11.240,11.270,11.220,11.300,11.280,11.300,11.220,11.230,11.340,11.400,11.410,11.430,11.430,11.430,11.470,11.480,11.440,11.450,11.500,11.480,11.480,11.510,11.520,11.550,11.610,11.610,11.590,11.540,11.550,11.700,11.570,11.640,11.590,11.590,11.550,11.620,11.610,11.630,11.660,11.660,11.620,11.640,11.690,11.630,11.590,11.640,11.580,11.520,11.520,11.590,11.610,11.610,11.610,11.630,11.570,11.620,11.570,11.620,11.620,11.540,11.460,11.640,11.590,11.280,11.530,11.570,11.560,11.550,11.490,11.560,11.560,11.530,11.470,11.460,11.520,11.520,11.510,11.530,11.500,11.520,11.500,11.490,11.450,11.440,11.490,11.470,11.450,11.490,11.460,11.500,11.520,11.520,11.520,11.530,11.490,11.500,11.510,11.510,11.510,11.480,11.480,11.500,11.470,11.500,11.500,11.520,11.520,11.500,11.520,11.500,11.130,11.400,11.570,11.590,11.490,11.500,11.510,11.550,11.500,11.540,11.560,11.540,11.520,11.520,11.550,11.540,11.500,11.510,11.500,11.530,11.550,11.470,11.520,11.530,11.550,11.550,11.550,11.540,11.550,11.600,11.550,11.630,11.550,11.550,11.550,11.550,11.520,11.530,11.550,11.520,11.530,11.540,11.540,11.530,11.540,11.510,11.550,11.520,11.470,11.480,11.650,11.510,11.520,11.470,11.440,11.490,11.490,11.470,11.460,11.490,11.440,11.480,11.470,11.490,11.490,11.540,11.600,11.490,11.420,11.450,11.450,11.470,11.470,11.490,11.480,11.560,11.490,11.480,11.520,11.530,11.540,11.480,11.520,11.510,11.510,11.530,11.630,11.590,11.600,11.600,11.590,11.640,11.650,11.640,11.660,11.600,11.690,11.690,11.620,11.680,11.680,11.740,11.740,11.750,11.790,11.870,11.790,11.780,11.790,11.880,11.830,11.830,11.800,11.830,11.770,11.850,11.760,11.810,11.820,11.760,11.810,11.930,11.850,11.920,11.970,12.030,11.980,12.030,12.040,12.070,12.070,12.270,12.250,12.290,12.400,12.430,12.460,12.470,12.510,12.510,12.530,12.530,12.560,12.450,12.560,12.690,12.640,12.670,12.670,12.930,12.970,12.980,13.000,13.060,13.120,13.100,13.150,13.160,13.200,13.250,13.250,13.270,13.250,13.290,13.310,13.190,13.280,13.250,13.220,13.120,13.450,13.060,13.520,13.110,13.080,13.040,12.970,13.110,13.590,13.490,13.450,13.580,13.620,13.680,13.640,13.650,13.660,13.620,13.580,13.580,13.610,13.570,13.670,13.110,13.170,13.060,13.180,13.150,13.140,13.120,12.930,12.890,12.950,12.950,12.950,12.930,12.840,12.910,12.730,12.730,12.870,12.830,12.780,12.970,12.890,12.830,12.790,12.770,12.920,12.800,12.840,12.770,12.840,12.900,12.860,12.760,12.920,12.790,12.870,12.840,12.810,12.860,12.900,12.920,12.980,12.980,12.980,13.000,12.960,12.960,12.950,12.910,12.970,12.960,12.930,12.980,12.980,12.950,12.990,13.000,12.900,12.920,12.970,12.940,12.910,12.960,12.960,12.910,12.960,12.970,12.970,12.970,12.970,12.970,12.970,12.920,12.950,13.010,12.960,12.890,12.910,13.050,13.070,13.290,13.290,13.030,13.070,13.090,13.120,13.120,13.120,13.120,13.130,13.130,13.130,13.120,13.190,13.130,13.120,13.210,13.240,13.250,13.250,13.010,13.250,13.200,13.190,13.220,13.230,13.080,13.110,13.320,13.230,13.250,13.220,13.220,13.170,13.230,13.280,13.220,13.200,13.190,13.190,13.240,13.340
Aceh,Kedelai Biji Kering (Impor),14.330,14.550,14.580,14.580,14.570,14.620,14.650,14.750,14.310,14.620,14.590,14.680,14.750,14.750,14.750,14.660,14.710,14.800,14.660,14.710,14.850,14.900,14.710,14.710,14.700,14.750,14.680,14.810,14.760,14.720,14.620,14.620,14.630,14.590,14.550,14.630,14.550,14.620,14.690,14.730,14.770,14.770,14.770,14.770,14.770,14.760,14.760,14.700,14.850,14.850,14.760,14.760,14.760,14.710,14.760,14.850,14.760,14.750,14.760,14.800,14.730,14.920,14.900,14.990,14.850,14.940,14.900,15.050,15.050,15.110,15.010,15.090,15.090,15.230,15.230,15.130,15.130,14.820,15.050,15.050,14.930,15.120,15.170,15.260,15.030,14.930,14.920,15.030,14.970,14.970,15.120,15.090,14.970,15.050,15.190,15.140,15.050,15.140,15.190,15.060,14.980,14.820,14.920,14.960,14.830,14.790,14.830,14.830,14.960,14.870,14.930,14.760,14.800,14.750,14.700,14.970,14.590,14.870,14.870,14.830,14.870,14.970,14.880,15.020,14.590,14.670,14.710,14.370,14.360,14.330,14.360,14.330,14.390,14.310,14.290,14.310,14.200,14.400,14.100,13.390,13.410,12.780,12.590,12.570,12.650,12.510,12.530,12.440,12.440,12.460,12.500,12.500,12.460,12.430,12.510,12.460,12.340,12.590,12.670,12.450,12.510,12.460,12.440,12.520,12.310,12.420,12.450,12.450,12.380,12.490,12.490,12.690,12.550,12.550,12.550,12.550,12.500,12.590,12.750,12.920,12.660,12.580,12.600,12.590,12.610,12.680,12.650,12.640,12.640,12.650,12.650,12.800,12.730,12.650,12.530,12.510,12.500,12.640,12.680,12.650,12.650,12.680,12.650,12.680,12.630,12.610,12.580,12.650,12.910,12.630,12.650,12.560,12.760,12.650,12.650,12.650,12.560,12.650,12.650,12.620,12.550,12.520,12.570,12.500,12.530,12.550,12.530,12.600,12.530,12.550,12.530,12.590,12.600,12.590,12.550,12.620,12.590,12.590,12.590,12.490,12.590,12.680,12.650,12.640,12.710,12.830,12.660,12.760,12.760,12.770,12.760,13.050,12.800,12.760,12.770,12.740,12.720,12.790,12.800,12.610,12.710,12.670,12.730,12.710,12.710,12.610,12.630,12.710,12.670,12.710,12.670,12.670,12.570,12.670,12.650,12.560,12.690,12.650,12.650,12.550,12.550,12.680,12.650,12.740,12.700,12.700,12.740,12.770,12.700,12.720,12.640,12.740,12.720,12.630,12.720,12.720,12.720,12.590,12.720,12.730,12.720,12.770,12.900,13.050,13.050,12.980,12.960,13.070,12.900,12.810,12.900,12.770,12.730,12.720,12.730,12.700,12.760,12.770,12.850,12.850,12.810,12.680,12.810,12.800,12.850,12.850,12.810,12.810,12.810,12.900,12.810,12.860,12.950,12.870,12.910,12.810,13.020,13.070,13.020,13.020,13.020,12.940,12.940,13.170,13.920,12.980,12.980,13.030,12.900,13.030,12.990,12.970,12.880,13.020,12.930,12.920,12.920,12.800,13.010,13.200,12.940,12.890,12.890,12.570,13.010,12.950,12.910,12.840,12.970,13.020,13.020,13.020,12.980,12.980,13.020,13.020,13.090,13.120,13.150,13.190,13.170,13.150,13.240,13.270,13.200,13.200,13.050,13.070,12.950,12.940,12.940,12.940,12.940,12.940,12.940,12.860,12.790,12.600,12.900,12.830,12.670,12.830,12.810,12.820,12.750,12.730,12.580,12.760,12.800,12.780,12.830,12.750,12.650,12.840,12.870,12.930,12.910,12.910,12.900,12.740,12.750,12.670,12.710,12.710,12.650,12.650
Aceh,Bawang Merah,31.930,32.630,32.270,32.590,32.570,32.810,32.750,32.230,32.310,32.570,33.080,33.080,33.460,33.980,33.500,33.880,33.870,34.150,34.000,34.510,34.610,34.760,34.830,34.870,35.420,35.870,35.810,36.050,36.550,36.430,36.190,36.670,37.220,37.680,37.830,38.280,37.970,37.870,38.170,37.840,37.490,37.990,37.510,36.570,37.100,35.980,36.330,36.420,35.890,35.290,35.130,35.360,35.190,35.400,34.820,34.960,35.040,35.020,35.060,35.020,35.160,35.210,34.490,34.960,35.380,34.630,34.520,34.400,34.340,34.790,33.970,34.580,34.250,34.260,34.560,35.040,35.070,35.040,35.090,35.380,35.370,34.900,34.680,34.190,33.760,34.380,33.570,33.550,33.160,33.610,33.180,32.200,32.240,31.750,32.090,31.770,31.410,31.440,30.990,31.430,31.390,31.430,31.410,31.410,31.580,30.270,30.590,30.990,31.540,32.020,31.820,31.180,29.990,30.820,30.860,31.410,31.110,31.550,30.970,31.070,30.610,31.620,31.880,31.590,31.600,31.720,31.780,32.340,32.660,33.510,32.880,32.930,32.970,32.260,31.620,32.400,32.520,32.790,32.170,33.050,31.990,32.030,32.670,32.080,32.300,32.430,32.810,31.950,31.760,31.970,31.880,31.710,31.800,32.180,31.800,31.060,31.380,31.890,32.140,31.440,31.980,31.930,32.790,32.730,33.310,33.920,33.870,34.750,34.580,34.880,35.460,36.380,36.790,37.090,36.480,36.180,37.600,37.800,37.980,35.760,36.660,37.600,38.190,37.810,37.290,37.780,37.510,37.950,36.960,36.370,36.940,36.600,36.570,36.190,36.210,37.080,36.180,35.330,35.410,35.760,35.640,35.190,34.490,34.060,34.120,33.400,32.920,31.570,31.390,31.080,30.880,31.140,30.150,30.020,29.900,30.100,30.040,29.890,30.110,29.670,29.140,29.920,28.990,29.270,29.100,28.800,29.010,29.230,28.580,27.830,27.880,28.350,28.620,28.600,27.720,27.470,27.240,26.940,27.040,28.070,27.540,26.520,25.430,25.580,25.150,25.230,24.650,24.680,24.380,23.430,23.750,23.610,23.550,23.570,23.370,23.630,23.350,23.150,22.640,22.520,22.800,22.700,23.050,23.160,23.270,23.470,23.430,23.590,23.360,23.960,23.810,23.520,23.070,23.140,22.970,22.790,21.860,22.220,22.550,22.160,22.530,22.990,23.840,24.140,23.370,23.870,23.790,22.960,23.010,23.430,23.040,23.100,23.190,22.870,22.600,22.940,23.100,22.600,22.810,23.370,23.040,24.160,23.330,24.470,23.320,24.130,24.080,24.340,24.090,23.960,24.570,25.030,25.160,25.300,25.740,26.180,27.250,28.210,28.630,28.440,28.720,29.930,29.480,28.950,29.550,29.560,29.690,29.530,29.590,29.430,28.900,29.650,30.140,30.570,31.080,30.870,31.640,31.100,31.140,31.330,30.590,31.050,30.970,30.630,31.410,31.450,31.970,31.860,32.010,32.230,32.860,33.450,34.760,33.300,34.160,33.340,33.670,34.230,34.590,34.330,34.830,35.720,37.190,35.500,36.790,37.020,37.300,36.850,37.450,38.400,38.180,38.200,38.240,39.210,38.400,39.810,39.760,39.750,40.390,39.870,39.790,40.090,39.640,39.890,39.090,38.560,37.930,37.580,35.990,35.010,36.110,35.560,35.360,36.190,34.960,34.430,34.370,33.760,34.450,33.490,33.120,33.460,33.930,34.180,34.130,34.090,33.700,34.190,34.120,33.450,33.880,33.990,34.250,34.870,34.550,34.390,35.430,35.910,35.830,35.910,36.830,36.070,36.420,36.830,36.390,36.250
Aceh,Bawang Putih Bonggol,25.040,25.040,25.160,25.050,25.190,24.870,24.910,24.970,24.300,25.070,24.850,24.800,24.950,24.950,24.760,24.960,25.080,25.240,25.180,25.400,25.470,25.560,25.680,25.600,25.400,25.420,25.770,25.940,25.880,26.090,26.240,25.680,26.390,26.520,26.780,26.640,26.660,26.850,27.090,27.350,27.270,27.280,27.240,27.070,27.110,27.110,27.210,26.440,26.570,26.260,26.550,26.460,26.340,26.720,27.120,27.120,27.260,27.560,27.400,27.620,27.850,27.870,28.150,28.300,28.670,28.780,28.740,28.650,28.790,28.830,28.830,29.720,29.660,29.900,29.770,29.880,30.100,30.100,30.910,31.080,31.150,30.710,30.660,31.050,30.240,30.170,30.150,29.610,29.880,29.880,29.580,29.190,29.650,29.490,29.780,30.110,30.040,29.860,29.810,29.570,29.820,29.520,29.630,29.400,29.310,28.570,29.260,29.370,29.500,29.520,29.740,29.590,29.660,29.990,29.050,29.390,30.120,29.770,29.360,29.680,29.880,30.800,30.910,30.610,30.590,30.680,30.930,32.520,32.300,33.390,33.560,33.680,33.390,33.780,33.720,34.750,34.720,34.650,34.390,34.550,34.370,34.740,34.540,35.270,34.790,34.890,35.430,34.900,35.450,35.980,35.980,35.680,35.350,36.020,36.980,37.390,37.360,37.490,37.520,37.330,37.440,37.340,37.280,37.220,37.220,37.190,37.210,37.210,37.310,37.310,37.100,37.650,37.920,37.960,37.930,38.010,37.830,39.050,39.080,37.470,38.230,38.260,39.970,39.470,40.100,40.510,41.050,41.680,41.490,41.220,41.900,41.340,40.860,40.480,40.860,40.250,40.750,40.330,40.320,39.790,40.540,40.890,40.520,39.940,40.570,40.410,40.750,40.360,40.270,40.260,39.870,39.990,39.590,39.440,39.440,39.290,38.860,39.210,38.970,39.090,39.170,38.450,38.200,38.550,38.660,38.830,38.540,39.090,38.730,38.410,38.390,38.300,38.640,38.170,37.910,37.860,38.070,37.750,37.930,38.120,37.680,38.100,38.160,38.160,37.920,38.170,37.380,37.190,37.060,37.300,37.970,37.520,37.790,37.750,37.790,36.910,36.910,36.790,36.970,36.730,36.750,36.800,36.940,36.900,36.750,36.360,36.640,36.600,36.500,36.820,36.780,36.640,36.440,36.510,36.780,36.650,36.530,36.200,36.060,35.670,36.310,36.820,36.600,36.680,36.700,36.530,36.610,37.190,36.330,36.770,36.800,36.360,36.280,36.380,36.320,36.100,36.040,36.250,36.050,36.140,35.950,35.990,36.160,36.440,36.320,36.480,36.370,36.370,36.690,36.040,36.370,36.200,36.140,36.220,35.920,36.230,35.930,36.010,36.020,35.990,35.300,35.400,35.540,35.910,35.810,36.140,36.150,36.150,35.860,35.980,35.620,35.940,35.980,36.290,35.910,36.190,36.250,35.840,35.870,35.800,35.860,35.900,36.130,36.250,36.290,36.170,36.600,36.430,36.780,37.050,36.920,37.220,37.550,37.220,36.750,36.720,37.080,37.330,37.370,37.320,37.760,37.340,37.880,37.540,38.250,37.440,38.160,37.980,38.570,38.520,38.810,38.270,38.010,38.270,38.860,39.220,39.050,38.810,38.230,38.880,38.880,38.020,38.830,38.710,38.710,38.400,38.470,38.380,38.490,38.470,38.270,37.990,38.290,38.130,38.410,38.070,37.630,37.650,37.170,37.510,37.970,38.040,38.300,38.940,36.630,38.140,38.750,37.780,38.520,38.020,38.030,37.970,38.080,38.560,38.050,38.740,39.190,39.420,39.190,39.430,39.640,39.030,38.690,38.820,39.230,38.730
Aceh,Cabai Merah Keriting,29.890,31.320,32.510,31.620,31.010,30.570,30.780,30.800,30.700,32.360,33.050,33.120,32.870,33.550,34.350,34.790,34.680,34.660,34.940,35.290,36.190,36.210,37.990,36.930,38.470,37.870,37.500,38.310,38.630,40.860,41.250,41.460,42.390,44.380,44.990,45.210,45.870,44.870,43.030,41.790,42.420,42.160,41.920,40.210,40.440,39.270,38.810,39.160,40.250,40.200,40.900,40.900,39.140,40.920,42.160,41.720,42.140,41.590,41.470,40.670,41.040,40.850,41.230,40.840,39.580,39.440,39.940,39.990,39.930,39.490,39.050,39.570,38.750,38.670,38.280,37.760,36.820,37.140,37.220,38.180,37.530,36.050,35.880,34.690,34.440,32.890,31.620,28.580,28.030,27.570,26.440,26.650,26.290,25.900,26.580,25.630,25.420,25.300,25.420,25.570,25.560,26.700,25.200,25.070,25.310,24.890,26.040,27.140,28.680,31.140,31.150,30.270,29.840,28.990,28.520,28.710,28.140,26.810,27.180,25.270,26.250,24.680,23.440,21.660,22.130,22.860,22.240,21.970,22.060,21.430,21.250,22.260,22.530,21.800,21.100,21.050,20.870,21.190,20.540,21.410,20.330,19.920,20.280,20.390,20.950,21.740,22.210,22.620,23.810,23.440,25.850,25.350,25.710,25.670,25.100,25.360,24.930,27.610,26.290,25.290,25.780,26.440,26.750,26.520,26.760,26.700,26.770,26.980,26.020,27.310,27.030,26.990,27.860,28.080,27.880,28.510,28.980,34.050,33.250,32.650,35.680,36.090,37.650,38.200,38.410,38.710,38.820,38.420,36.920,37.100,36.190,36.620,36.380,35.490,35.930,34.840,35.580,36.450,36.040,36.200,35.140,35.560,34.680,34.410,34.910,34.730,33.440,32.760,32.810,33.320,32.590,31.610,31.710,32.260,31.580,32.090,32.400,33.280,35.200,36.820,40.140,41.490,41.780,44.190,44.990,47.090,50.730,51.090,51.530,51.320,51.540,52.610,52.410,52.340,51.100,50.640,49.730,49.630,48.530,50.380,51.300,51.780,50.720,51.740,52.500,52.630,51.940,51.410,51.090,50.390,50.130,50.590,50.320,47.530,46.350,43.630,41.290,39.640,39.510,39.280,38.880,39.430,40.890,42.200,42.470,43.570,43.700,43.700,46.420,47.330,47.170,46.600,45.810,45.770,45.190,41.950,40.530,40.040,38.760,37.140,37.450,35.600,36.170,35.220,34.900,34.670,34.190,34.040,33.220,33.400,33.910,33.340,33.400,33.110,32.840,33.790,34.100,34.330,35.480,37.300,38.530,41.900,43.660,44.550,46.890,48.060,48.850,48.990,49.400,50.440,51.530,51.600,52.000,52.570,55.010,56.860,59.850,59.480,58.480,57.160,59.430,58.780,59.620,59.170,60.680,59.730,60.540,60.900,60.990,59.660,59.050,59.850,60.260,59.980,59.430,59.670,60.680,61.130,60.610,60.000,60.470,61.270,59.690,60.080,56.580,58.080,55.530,52.160,50.960,45.230,43.840,39.840,37.710,36.570,35.720,35.360,34.960,34.780,34.060,35.320,34.970,35.550,36.400,34.780,35.130,36.290,35.040,33.370,32.590,30.960,29.930,29.860,28.020,28.150,26.890,26.030,27.290,27.070,27.810,28.440,29.330,29.740,32.080,31.860,32.560,32.270,32.550,33.130,32.620,32.710,33.120,33.740,34.020,35.410,35.480,36.080,35.250,36.770,37.470,37.540,37.040,38.350,37.510,38.100,39.730,40.560,41.290,43.040,45.000,45.750,48.700,51.320,52.090,57.880,56.370,58.200,59.570,62.370,66.750,68.610,70.540,70.350,72.240,69.990,69.530,68.980
Aceh,Cabai Rawit Merah,-,-,-,-,-,-,-,-,-,-,-,-,-,-,-,-,-,-,-,50.000,-,-,-,38.000,-,-,-,-,-,-,-,-,-,-,-,-,-,-,-,-,-,-,-,-,-,-,-,-,-,-,-,-,-,-,-,-,-,-,-,-,-,-,-,-,-,-,-,-,-,-,-,-,-,-,-,-,-,-,-,-,-,-,-,-,-,-,-,-,-,-,-,-,20.000,-,-,-,-,-,-,-,-,-,-,-,-,-,-,-,-,-,-,-,-,-,-,-,-,-,-,-,-,-,-,-,-,-,-,-,-,-,-,-,-,-,18.000,-,-,-,-,-,-,-,-,20.000,-,-,-,-,-,-,20.000,-,-,-,-,-,-,-,-,-,-,-,-,-,-,-,-,-,-,-,-,-,-,-,-,-,-,-,-,-,-,-,-,-,50.000,-,-,-,-,-,-,-,-,-,-,-,-,-,-,-,-,-,-,-,-,-,-,-,-,-,30.000,-,-,-,-,-,-,-,-,-,-,-,-,-,-,-,-,-,-,-,-,-,-,-,-,-,-,-,-,-,-,-,-,-,-,-,-,-,-,-,-,-,-,-,-,-,-,-,-,-,-,-,-,-,-,-,-,-,35.000,-,-,-,-,-,-,-,-,-,-,-,-,-,-,-,-,-,-,-,-,-,-,-,-,-,-,-,-,-,-,-,-,-,-,-,-,-,-,-,-,-,-,-,-,-,-,-,-,-,-,-,-,-,-,-,-,-,-,-,-,-,70.000,-,-,-,65.000,-,-,-,-,-,-,-,-,-,-,-,-,-,-,-,-,-,-,-,-,-,-,-,-,-,-,-,-,-,-,-,-,-,-,-,-,-,-,-,-,-,-,-,-,-,-,-,-,35.000,35.000,25.000,35.000,35.000,35.000,39.690,35.000,35.000,35.000,35.000,35.000,35.000,30.000,30.000,38.620,40.990,39.240,38.110,44.000,40.990,44.000,44.000,40.000,45.210,42.430,45.000,45.000,45.000,44.000,44.000,46.900,49.190,52.440,50.000,57.450,65.000,67.450,67.450,70.000,60.000,60.000,54.770
Aceh,Daging Sapi Murni,152.340,152.210,152.590,152.590,153.120,152.590,152.590,152.210,154.160,152.590,152.590,152.590,152.590,152.830,152.830,152.830,153.360,152.470,153.360,152.830,151.980,152.470,152.370,152.830,152.500,152.370,152.830,152.470,152.830,153.020,153.330,153.330,153.330,152.860,152.860,152.860,153.330,153.020,152.860,152.860,152.860,152.860,152.860,152.860,152.860,152.860,152.860,153.330,152.500,152.990,152.860,152.860,153.330,153.330,152.860,152.990,153.170,153.510,152.800,153.330,152.570,152.860,153.330,152.990,153.510,153.330,153.330,153.330,152.860,152.990,153.820,153.330,153.330,152.990,152.990,154.230,154.730,158.240,163.360,174.540,169.950,157.090,156.550,156.740,156.020,156.210,155.270,154.530,154.800,154.300,154.000,154.300,154.300,153.800,154.560,153.800,154.000,153.800,153.800,153.480,154.000,154.530,153.800,153.800,154.300,154.300,155.300,155.620,160.900,173.980,176.140,159.550,159.550,156.720,153.580,154.390,155.250,154.720,154.440,153.920,154.220,153.540,153.360,152.530,152.900,153.050,152.130,153.390,152.900,152.530,152.900,153.050,152.130,152.900,153.220,153.390,153.570,153.390,153.220,153.390,154.660,153.390,153.570,153.890,153.890,153.390,154.100,153.570,153.390,153.700,154.060,154.060,154.590,154.360,154.360,154.390,154.590,154.590,154.360,155.510,154.590,153.630,154.290,155.110,154.290,154.290,154.360,154.850,154.360,154.590,154.850,154.590,154.850,154.590,154.850,154.620,157.490,169.940,174.550,167.540,162.300,157.740,157.110,155.860,154.850,154.850,153.860,153.740,154.060,153.670,153.860,153.740,154.060,154.360,154.890,154.290,154.850,154.360,154.590,154.360,154.360,154.060,154.360,154.360,155.400,154.360,154.290,154.850,154.360,154.590,154.350,154.860,154.860,155.110,155.110,155.110,154.360,154.860,154.860,155.110,155.380,155.110,154.610,154.860,154.350,155.110,154.610,154.590,154.610,155.130,154.860,154.080,154.860,154.610,154.330,154.860,155.110,155.110,154.860,154.860,155.110,155.110,154.860,154.330,154.860,155.730,154.610,154.610,154.610,154.570,154.610,154.610,154.080,154.610,154.610,154.610,154.610,155.480,154.570,153.880,154.610,154.860,154.550,154.610,154.610,154.330,154.390,154.610,155.110,155.820,155.110,154.610,154.860,154.390,154.610,154.330,154.060,154.360,154.360,154.060,154.060,154.590,154.360,154.360,154.360,154.360,154.360,153.150,153.640,154.360,154.060,154.820,154.360,154.560,154.080,154.820,154.820,154.060,155.320,153.820,153.820,153.080,154.290,154.220,153.700,154.000,153.510,154.780,154.080,154.520,154.290,154.290,154.290,154.290,154.290,154.290,154.290,154.290,154.220,154.290,153.820,153.510,154.080,154.000,153.820,154.520,154.820,154.360,154.820,154.290,154.520,154.290,154.000,154.000,153.820,153.150,153.120,155.330,154.790,154.520,154.790,154.790,154.520,155.100,154.790,154.790,154.790,154.290,154.030,154.520,154.080,154.290,154.000,154.520,153.150,154.000,155.080,155.650,154.730,155.270,154.460,154.290,154.220,156.320,153.670,154.820,154.820,155.080,154.820,154.820,154.820,154.590,154.820,154.560,155.070,154.820,154.820,154.820,154.820,155.080,155.080,154.820,155.490,154.810,155.260,155.040,153.340,154.190,154.190,153.400,153.400,153.790,153.260,153.820,153.820,153.820,152.970,153.260,154.130,153.260,153.900,153.790,153.150,153.150,153.560,151.680,152.950,153.420,153.420,153.590,153.420,153.560,153.750,153.020,153.420,153.020,153.420,152.630,152.630,153.560,153.690,153.590,153.450,153.840,153.840,153.840
Aceh,Daging Ayam Ras,32.710,33.180,33.330,32.960,32.620,32.670,32.530,32.360,32.890,32.360,32.400,32.580,32.310,32.340,32.340,32.250,32.100,31.440,31.420,30.970,30.960,31.010,30.940,30.800,30.840,30.860,30.640,30.750,30.500,30.810,30.250,30.270,30.360,30.240,30.330,30.140,30.120,30.140,29.760,30.020,30.140,30.090,29.940,29.630,29.590,29.990,29.850,29.870,30.020,30.130,29.840,29.670,29.550,29.550,29.450,29.460,29.150,29.600,29.220,29.250,29.410,29.200,29.030,29.140,28.690,28.930,28.970,29.090,29.220,28.940,29.300,29.390,29.430,29.560,29.540,29.610,29.450,29.780,30.010,30.620,31.200,30.430,30.170,30.330,29.950,29.740,29.750,29.780,29.880,29.250,29.190,29.220,29.140,29.190,29.680,29.140,28.980,28.970,28.870,28.860,28.510,28.360,28.760,28.930,28.970,28.930,29.010,29.640,30.040,31.660,31.480,30.370,31.180,31.310,30.900,30.780,30.730,30.720,30.400,30.590,30.710,30.860,30.790,31.140,31.150,30.910,31.300,31.110,31.270,31.530,31.530,31.290,31.200,31.290,31.190,31.630,31.500,31.310,31.900,31.520,31.870,31.870,31.350,31.790,31.790,31.990,32.300,32.560,32.690,32.490,33.010,32.530,32.530,32.420,32.610,32.500,32.610,32.810,33.100,33.420,32.870,33.590,33.560,33.830,33.930,33.770,33.840,33.760,33.990,33.510,33.790,33.490,33.620,33.810,33.960,33.930,33.810,35.330,35.680,35.630,34.550,33.190,34.680,34.520,33.790,33.920,33.710,33.840,33.040,33.170,32.900,33.050,32.730,32.480,33.320,33.260,33.410,32.910,33.020,32.640,32.410,32.590,32.320,32.400,31.770,31.670,31.510,31.210,31.150,30.990,31.280,31.170,30.650,30.050,29.710,29.870,30.260,29.570,29.160,29.300,29.440,29.150,29.010,28.860,29.440,29.300,29.280,29.730,29.450,29.560,28.860,29.580,29.620,29.840,29.670,29.690,29.410,29.450,29.670,29.420,29.380,29.350,30.020,29.510,29.300,30.020,29.740,29.660,29.760,29.570,29.550,29.360,29.570,29.540,29.740,29.480,29.610,29.710,29.510,29.630,29.630,29.490,29.780,29.260,29.300,29.340,29.230,29.380,29.160,30.130,30.090,29.900,29.750,29.760,29.540,29.380,29.350,29.600,29.390,29.160,29.420,29.590,29.180,29.330,29.450,29.180,29.410,29.690,29.320,29.230,29.050,29.090,29.090,28.950,28.880,28.670,28.760,29.140,28.630,28.430,28.540,28.200,28.200,28.610,28.940,28.290,28.350,28.530,28.330,28.020,28.600,28.490,28.490,28.260,28.100,28.120,28.100,28.240,28.690,28.140,28.060,28.460,28.120,28.110,28.410,28.140,28.070,28.060,28.060,27.680,27.810,27.900,27.690,27.860,27.990,28.420,27.580,27.460,27.730,27.680,27.730,27.650,27.510,27.720,28.060,28.060,27.940,28.060,28.310,27.920,27.800,27.800,27.740,27.790,27.670,27.520,28.120,28.420,27.820,28.050,28.430,28.420,28.500,27.900,28.440,29.270,29.130,29.220,29.630,29.350,29.300,29.330,29.150,29.250,29.300,29.110,28.990,28.810,28.300,28.440,28.380,28.750,28.650,28.060,28.240,28.890,27.870,27.800,28.070,28.320,28.290,27.990,27.850,27.910,28.280,28.270,28.330,28.400,28.240,28.330,28.670,28.420,28.780,28.780,29.240,28.720,28.940,29.360,30.010,30.380,30.600,29.450,29.850,28.890,30.030,29.890,30.850,31.030,31.720,31.600,31.840,32.550,32.510,32.940,32.770,32.810
Aceh,Telur Ayam Ras,27.400,27.210,27.110,27.010,27.070,27.050,26.890,27.000,26.850,26.870,26.750,26.770,26.380,26.380,26.290,26.000,26.000,25.970,25.920,25.900,25.960,25.960,25.920,25.990,25.920,25.690,25.620,25.610,25.630,25.460,25.320,25.310,25.270,25.090,25.030,24.940,24.790,24.640,24.630,24.540,24.480,24.480,24.200,24.480,24.460,24.330,24.300,24.040,24.200,24.140,24.110,23.960,24.020,23.880,23.740,23.740,23.710,23.880,23.660,23.640,23.670,23.600,23.570,23.580,23.220,23.380,23.410,23.590,23.740,23.560,23.650,23.780,24.100,24.220,24.280,24.270,24.380,24.690,24.780,24.570,25.040,24.670,25.110,24.990,24.850,24.750,24.810,24.710,24.720,24.710,24.600,24.640,24.610,24.510,24.540,24.580,24.600,24.530,24.480,24.460,24.320,24.280,24.310,24.220,24.240,24.320,24.270,24.460,24.440,24.610,24.520,24.720,24.490,24.370,24.520,24.660,24.770,24.390,24.390,24.560,24.230,24.050,24.180,24.320,24.380,24.510,24.660,24.790,25.040,25.260,25.310,25.430,25.320,25.450,25.730,25.780,25.930,26.430,26.300,26.270,26.400,26.370,26.460,26.580,26.610,26.610,26.650,26.650,26.730,26.650,26.780,26.550,26.590,26.580,26.660,26.630,26.690,26.920,26.940,26.870,26.850,27.060,26.830,26.930,27.080,27.020,27.170,27.140,27.230,27.150,27.250,27.400,27.370,27.420,27.310,27.260,27.220,27.230,27.370,27.290,27.390,27.230,27.610,27.340,27.130,27.330,27.630,27.200,27.060,27.100,27.240,27.350,27.400,27.260,27.170,26.970,27.060,26.790,26.860,26.920,26.920,26.960,26.950,26.920,26.960,26.990,27.150,27.050,27.100,27.130,27.030,27.030,27.000,26.960,27.050,26.980,26.870,27.010,27.040,27.090,27.110,27.000,27.090,26.920,26.980,26.910,26.990,27.000,26.990,26.940,26.780,26.800,26.550,26.480,26.580,26.410,26.260,26.120,26.160,26.060,25.990,25.900,25.590,25.500,25.480,25.720,25.470,25.250,25.500,25.220,25.240,25.170,25.270,25.090,25.000,24.870,25.050,25.050,24.950,25.030,25.040,25.060,24.860,24.990,25.010,24.900,24.890,24.910,24.890,24.950,24.890,24.740,24.480,24.670,24.590,24.390,24.550,24.370,24.530,24.310,24.260,24.300,24.210,24.320,24.330,24.300,24.230,24.110,24.210,24.140,24.420,24.020,24.040,24.350,24.040,23.980,24.130,24.070,23.970,23.870,23.660,23.520,23.740,23.610,23.730,23.830,24.440,23.540,23.620,23.650,23.550,23.580,23.620,23.640,24.230,24.000,24.340,24.510,24.350,24.490,24.710,24.760,24.720,24.680,24.700,24.770,24.710,24.720,24.680,24.920,24.900,24.930,24.730,24.810,24.930,24.790,24.830,24.820,24.630,24.630,24.620,24.550,24.830,24.530,24.680,24.750,24.860,24.790,24.800,24.820,24.850,24.910,25.000,25.090,25.020,25.070,25.060,24.990,24.990,25.060,25.220,25.110,25.130,25.130,24.930,25.770,24.970,25.080,24.840,24.690,24.460,24.450,24.380,24.310,24.250,24.160,24.190,24.130,24.180,24.150,24.150,24.170,24.300,24.350,25.020,24.540,24.680,24.500,24.650,24.740,24.690,24.720,24.870,24.800,24.880,24.850,24.790,24.710,24.760,24.730,24.680,24.550,24.590,24.530,24.720,24.450,24.350,24.510,24.490,24.450,24.560,24.490,24.630,24.560,24.950,24.750,24.930,25.170,25.230,25.440,26.300,25.900,26.280,26.440,26.810,26.810
Aceh,Gula Konsumsi,14.610,14.630,14.560,14.560,14.640,14.640,14.640,14.630,14.520,14.670,14.670,14.670,14.670,14.670,14.690,14.690,14.690,14.670,14.690,14.690,14.720,14.720,14.730,14.730,14.720,14.770,14.770,14.850,14.790,14.760,14.750,14.820,14.630,14.770,14.770,14.760,14.730,14.720,14.730,14.690,14.690,14.730,14.690,14.690,14.690,14.640,14.640,14.630,14.580,14.580,14.600,14.600,14.600,14.600,14.600,14.580,14.600,14.630,14.550,14.600,14.610,14.640,14.640,14.630,14.480,14.600,14.550,14.550,14.600,14.620,14.580,14.600,14.600,14.620,14.620,14.630,14.630,14.630,14.550,14.630,14.620,14.650,14.590,14.600,14.570,14.630,14.630,14.620,14.630,14.660,14.610,14.630,14.590,14.590,14.610,14.590,14.610,14.590,14.590,14.660,14.610,14.610,14.630,14.630,14.630,14.630,14.630,14.640,14.690,14.690,14.520,14.590,14.660,14.690,14.600,14.670,14.660,14.730,14.670,14.670,14.690,14.720,14.730,14.670,14.690,14.720,14.750,14.730,14.730,14.720,14.730,14.720,14.700,14.730,14.700,14.730,14.720,14.770,14.800,14.770,14.760,14.770,14.760,14.770,14.820,14.820,14.810,14.810,14.810,14.770,14.840,14.810,14.850,14.820,14.810,14.900,14.800,14.850,14.820,14.880,14.810,14.870,14.850,14.940,14.940,14.890,14.900,14.900,14.900,14.850,14.860,14.850,14.900,14.850,14.930,14.900,14.900,14.950,14.950,14.790,14.800,14.940,14.840,14.950,14.990,14.990,14.990,14.870,15.010,15.010,14.930,15.000,14.970,14.840,14.920,14.820,14.920,14.970,14.970,14.970,14.980,14.980,14.980,14.980,14.980,14.940,14.880,14.840,14.850,14.880,14.890,14.890,14.900,14.850,14.890,14.890,14.840,14.890,14.890,14.890,14.890,14.890,14.880,14.930,14.880,14.880,14.880,14.880,14.840,14.870,14.790,14.920,14.920,14.920,14.920,14.890,14.940,14.940,14.980,14.930,14.940,14.940,14.890,14.890,14.930,14.880,14.890,14.850,14.890,14.840,14.940,14.940,14.980,15.070,14.980,14.980,15.000,14.980,14.980,15.010,15.050,15.050,15.070,15.060,15.150,15.280,15.330,15.360,15.600,15.620,15.570,15.660,15.590,15.710,15.820,15.900,15.860,15.910,16.070,15.930,15.870,15.930,15.850,15.880,15.940,15.940,15.940,15.930,15.980,15.980,16.290,16.020,16.070,15.920,16.020,15.970,16.110,16.070,16.200,16.330,16.290,16.220,16.460,16.570,16.620,16.580,16.670,16.620,16.350,16.670,16.730,16.580,16.620,16.620,16.620,16.620,16.760,16.970,17.070,17.020,17.070,17.110,17.190,17.160,17.300,17.340,17.190,17.330,17.330,17.480,17.430,17.510,17.530,17.370,17.540,17.500,17.530,18.130,17.540,17.620,17.680,17.680,17.660,17.490,17.690,17.690,17.690,17.700,17.690,17.720,17.790,17.770,17.710,17.760,17.800,17.770,17.730,17.720,17.740,17.730,17.730,17.600,17.720,17.690,17.640,17.720,17.770,17.720,17.670,17.500,17.650,17.600,17.600,17.560,17.600,17.560,17.560,17.490,17.470,17.450,17.420,17.490,17.510,17.580,17.500,17.470,17.550,17.610,17.590,17.590,17.590,17.590,17.660,17.660,17.660,17.770,17.760,17.640,17.740,17.750,17.680,17.730,17.760,17.760,17.830,17.840,17.680,17.840,17.880,17.840,17.800,17.770,17.760,17.770,17.820,17.850,17.880,17.880,17.920,17.950,17.940,17.950,17.990,17.990,18.060,18.030
Aceh,Minyak Goreng Kemasan Sederhana,18.860,19.190,18.700,18.970,18.970,18.970,18.930,18.800,18.860,18.970,19.040,19.120,19.120,19.090,19.090,19.120,18.910,18.920,19.050,19.080,18.860,18.820,18.990,19.130,18.970,19.090,19.090,18.970,18.940,19.120,19.130,19.020,19.100,19.220,19.170,19.210,19.150,18.840,19.240,19.020,19.170,18.840,19.170,18.990,18.980,18.620,18.610,18.510,18.320,18.340,18.590,18.540,18.540,18.540,18.540,18.340,18.260,18.410,18.560,18.560,18.520,18.500,18.460,18.010,18.330,18.460,18.500,18.560,18.560,18.320,18.360,18.520,18.520,18.340,18.340,18.170,18.520,18.520,18.630,18.540,18.360,18.260,18.630,18.520,18.470,18.340,18.560,18.390,18.530,18.640,18.390,18.570,18.570,18.530,18.580,18.590,18.450,18.590,18.590,18.530,18.430,18.550,18.610,18.610,18.570,18.540,18.570,18.570,18.570,18.470,18.430,19.550,18.710,19.130,18.310,18.480,18.350,18.560,18.380,18.580,18.640,18.760,18.680,18.540,18.690,18.840,18.450,18.690,18.690,18.360,18.660,18.800,18.490,18.660,18.750,18.660,18.470,18.660,18.490,18.660,18.390,18.660,18.650,18.660,18.440,18.610,18.470,18.600,18.360,18.340,18.300,18.280,18.730,18.650,18.490,18.830,18.730,18.780,18.630,19.260,18.540,19.120,18.680,18.650,18.430,18.180,18.290,18.500,18.320,18.480,18.270,18.520,18.580,18.480,18.500,18.500,18.760,18.440,18.510,17.790,17.930,18.740,18.530,18.400,18.660,18.320,18.240,17.790,18.370,18.140,18.170,18.170,18.090,17.870,18.060,17.820,17.860,18.170,18.010,18.170,18.170,18.130,18.170,18.070,18.230,18.250,18.170,18.280,18.280,18.150,18.250,18.130,18.410,18.250,17.880,18.180,18.340,18.030,18.180,18.180,17.760,18.060,18.060,18.190,17.960,18.110,17.700,18.070,17.810,17.780,18.080,17.770,17.810,17.900,17.730,17.650,17.820,18.140,17.820,17.650,17.820,17.820,17.610,17.820,18.020,17.860,17.820,17.820,17.860,17.710,17.860,17.890,17.730,17.850,17.820,17.710,17.530,18.280,18.170,17.630,17.890,17.800,17.470,17.650,17.690,17.590,17.870,17.740,17.600,17.740,17.520,17.740,17.530,17.700,17.740,17.240,17.590,17.600,17.630,17.420,17.420,17.490,17.490,17.720,17.270,17.600,17.600,17.520,17.550,17.550,17.260,17.550,17.550,17.370,17.440,17.510,17.430,17.470,17.390,17.390,17.430,17.020,17.480,17.170,17.640,17.010,17.430,17.080,17.200,17.380,17.200,17.200,17.200,17.200,17.200,17.200,17.310,17.480,17.490,17.390,17.190,17.560,17.390,17.190,17.590,17.400,17.470,17.400,17.510,17.400,17.540,17.550,17.660,17.260,17.580,17.590,17.110,17.210,17.580,17.450,17.330,17.630,16.880,17.550,17.500,17.490,17.610,17.570,17.590,17.440,17.500,17.500,17.400,17.480,17.420,17.140,17.650,17.270,17.470,17.210,17.450,17.470,17.180,17.610,17.050,17.420,17.510,17.400,17.630,17.360,17.440,17.300,17.400,17.390,17.390,17.390,17.560,17.440,17.510,17.420,17.820,17.660,17.370,17.260,17.440,17.440,17.020,17.170,17.200,17.170,17.200,17.210,17.300,17.440,17.440,17.410,17.630,17.270,17.490,17.510,17.860,17.580,17.230,17.290,18.090,17.180,17.220,17.440,17.770,17.700,17.560,17.390,17.600,17.430,17.500,17.740,17.700,17.790,17.590,17.640,17.690,17.810,17.990,18.100,18.220,18.090
Aceh,Tepung Terigu (Curah),11.300,11.340,11.330,11.330,11.290,11.290,11.450,11.300,11.310,11.330,11.210,11.190,11.190,11.190,11.240,11.240,11.240,11.200,11.240,11.240,11.230,11.230,11.270,11.270,11.230,11.270,11.270,11.230,11.250,11.330,11.270,11.270,11.270,11.220,11.220,11.230,11.310,11.230,11.310,11.260,11.260,11.260,11.260,11.260,11.180,11.200,11.200,11.170,11.170,11.170,11.200,11.250,11.250,11.200,11.250,11.170,11.250,11.310,11.250,11.250,11.280,11.250,11.250,11.270,11.170,11.250,11.310,11.250,11.300,11.270,11.270,11.300,11.300,11.270,11.270,11.300,11.300,11.300,11.300,11.250,11.310,11.330,11.300,11.330,11.270,11.300,11.300,11.270,11.300,11.350,11.350,11.380,11.340,11.340,11.520,11.360,11.400,11.430,11.430,11.390,11.390,11.340,11.370,11.370,11.410,11.460,11.370,11.420,11.420,11.460,11.390,10.980,11.150,11.080,11.210,11.300,11.260,11.480,11.400,11.340,11.410,11.460,11.440,11.340,11.410,11.400,11.410,11.410,11.410,11.430,11.410,11.400,11.360,11.410,11.370,11.320,11.340,11.370,11.420,11.320,11.330,11.460,11.200,11.320,11.320,11.320,11.290,11.290,11.330,11.360,11.300,11.380,11.380,11.780,11.380,11.410,11.480,11.430,11.400,11.450,11.700,11.260,11.450,11.330,11.240,11.240,11.260,11.260,11.230,11.280,11.310,11.280,11.310,11.280,11.570,11.310,11.300,11.530,11.310,11.160,11.080,11.280,11.310,11.440,11.300,11.540,11.450,11.380,11.270,11.410,11.300,11.250,11.230,11.260,11.290,11.290,11.190,11.390,11.370,11.390,11.390,11.370,11.510,11.530,11.380,11.350,11.340,11.260,11.260,11.310,11.350,11.420,11.220,11.240,11.240,11.240,11.170,11.280,11.510,11.240,11.210,11.370,11.240,11.390,11.240,11.300,11.240,11.300,11.240,11.440,11.210,11.210,11.210,11.240,11.330,11.210,11.240,11.240,11.240,11.210,11.240,11.240,11.180,11.270,11.450,11.240,11.260,11.210,11.210,11.140,11.210,11.210,11.220,11.250,11.250,11.250,11.150,11.260,11.190,11.120,11.080,11.040,11.270,11.050,11.090,11.010,11.100,11.100,11.150,11.140,11.140,11.140,11.120,11.140,11.130,11.140,11.110,11.180,11.180,11.140,11.140,11.050,11.050,11.100,10.980,10.980,10.980,10.980,11.020,11.020,10.980,10.980,10.980,10.930,10.930,10.980,10.930,10.850,10.930,10.930,10.930,10.820,10.890,10.980,10.880,10.880,10.880,11.060,10.930,10.930,10.930,10.930,10.930,10.930,10.930,10.890,10.890,10.970,10.930,10.890,10.890,10.810,10.930,10.850,11.070,10.890,11.020,10.890,10.890,10.890,10.890,10.890,10.810,10.890,10.890,10.800,10.790,11.140,10.890,10.980,10.890,10.890,11.020,10.910,10.890,10.890,10.890,10.940,10.850,11.020,10.940,10.970,10.970,11.020,10.810,11.020,11.070,11.120,11.020,11.110,11.090,10.970,11.000,11.030,11.000,11.020,10.940,10.990,10.990,10.990,10.950,10.950,10.950,10.950,11.030,10.950,10.990,10.950,10.990,10.990,10.990,10.950,10.810,10.820,10.910,10.950,10.850,10.920,11.060,10.850,10.850,10.920,10.850,10.810,10.770,10.790,10.650,10.600,10.630,10.550,10.570,10.630,10.670,10.620,10.620,10.750,10.600,10.620,10.660,10.950,10.650,10.690,10.680,10.670,10.610,10.660,10.620,10.690,10.720,10.710,10.720,10.710,10.760,10.720,10.680,10.990
Aceh,Minyak Goreng Curah,14.080,14.110,14.230,14.130,14.310,14.380,14.260,14.230,14.350,14.390,14.390,14.640,14.300,14.470,14.660,14.470,14.470,14.450,14.250,14.270,14.270,14.270,14.300,14.310,14.230,14.350,14.300,14.480,14.320,14.260,14.380,14.610,14.440,14.710,14.440,14.440,14.380,14.360,14.420,14.510,14.420,14.630,14.240,14.400,14.610,14.390,14.390,14.290,14.190,14.240,14.180,14.170,14.430,14.210,13.980,14.000,13.990,14.130,14.030,13.980,13.960,13.890,13.890,13.850,13.770,13.730,13.770,13.730,13.720,13.920,13.750,13.880,13.840,13.870,13.830,14.070,13.890,13.860,13.750,13.860,13.760,13.890,13.860,13.840,13.810,13.780,13.780,13.720,13.780,13.820,13.720,13.740,13.700,13.620,13.900,13.680,13.680,13.710,13.670,13.680,13.650,13.650,13.620,13.660,13.610,13.610,13.660,13.700,13.700,13.720,13.690,13.900,14.030,13.560,13.620,13.710,13.610,13.720,13.710,13.700,13.700,13.730,14.020,13.730,14.020,13.720,13.600,13.710,13.750,13.710,13.750,13.970,13.950,14.100,13.860,13.600,13.940,13.830,13.770,13.830,13.780,13.830,13.880,13.870,13.820,13.820,13.770,13.930,13.590,13.610,13.520,13.590,13.640,13.790,13.530,13.670,13.660,13.600,13.590,14.130,13.580,13.630,13.580,13.530,13.460,13.560,13.550,13.550,13.530,13.580,13.550,13.540,13.550,13.580,13.550,13.550,13.630,13.580,13.590,13.270,13.250,13.590,13.630,13.790,13.630,13.530,13.860,13.910,13.560,13.590,13.590,13.530,13.490,13.590,13.690,13.730,13.650,13.590,13.570,13.630,13.810,13.620,13.630,14.000,13.540,13.590,13.570,13.710,13.630,13.610,13.830,13.630,13.700,13.630,13.690,13.890,13.670,13.640,13.620,13.620,13.790,13.540,13.580,13.680,13.950,13.650,13.640,13.630,13.640,13.610,13.610,13.580,14.000,13.640,13.540,13.540,13.620,13.620,13.620,13.610,13.710,13.620,13.760,13.650,13.640,13.680,13.580,13.580,13.580,13.560,13.440,13.620,13.650,13.650,13.680,13.640,13.660,13.770,13.680,13.640,13.790,13.650,14.110,13.700,13.750,13.720,13.810,13.790,13.850,13.790,13.780,13.930,13.720,13.780,13.860,13.770,14.090,13.850,13.720,13.710,13.830,13.700,13.990,13.750,13.720,13.750,13.890,13.590,13.750,13.790,13.740,13.800,13.750,14.010,13.750,13.750,13.750,13.770,13.510,13.750,13.750,13.660,13.690,13.970,13.650,13.960,13.780,13.750,13.750,13.530,13.710,13.750,13.710,13.750,13.750,13.790,13.790,13.790,13.720,13.830,13.990,13.830,13.790,13.750,13.830,13.720,13.830,13.880,13.830,13.780,13.800,13.830,13.830,13.790,13.840,13.830,13.790,13.860,13.840,13.790,13.840,13.840,14.010,14.010,13.810,13.840,14.010,13.840,13.870,13.800,13.810,13.790,13.790,13.700,14.170,13.810,14.550,13.980,13.760,14.110,13.760,13.810,13.830,13.980,13.780,13.820,13.990,13.910,13.830,13.800,13.800,13.850,13.790,13.810,13.850,13.860,14.250,13.890,13.930,14.170,14.130,14.120,14.380,14.270,14.340,14.310,14.530,14.440,14.540,14.560,14.620,14.680,14.730,14.790,14.800,14.800,14.910,14.670,14.640,14.830,14.750,14.790,15.010,14.780,15.000,14.940,14.660,14.910,14.890,14.980,14.900,14.810,15.090,14.890,14.870,14.860,14.820,15.060,14.950,15.000,15.030,14.890,14.990,14.970,14.910,14.910
Aceh,Jagung Tk Peternak,-,-,-,-,-,-,-,-,-,-,-,-,-,-,-,-,-,-,-,-,-,-,-,-,-,-,-,-,-,-,-,-,-,-,-,-,-,-,-,-,-,-,-,-,-,-,-,-,-,-,-,-,-,-,-,-,-,-,-,-,-,-,-,-,-,-,-,-,-,-,-,-,-,-,-,-,-,-,-,-,-,-,-,-,-,-,-,-,-,-,-,-,-,-,-,-,-,-,-,-,-,-,-,-,-,-,-,-,-,-,-,-,-,-,-,-,-,-,-,-,-,-,-,-,-,-,-,-,-,-,-,-,-,-,-,-,-,-,-,-,-,-,-,-,-,-,-,-,-,-,-,-,-,-,-,-,-,-,-,-,-,-,-,-,-,-,-,-,-,-,-,-,-,-,-,-,-,-,-,-,-,-,-,-,-,-,-,-,-,-,-,-,-,-,-,-,-,-,-,-,-,-,-,-,-,-,-,-,-,-,-,-,-,-,-,-,-,-,-,-,-,-,-,-,-,-,-,-,-,-,-,-,-,-,-,-,-,-,-,-,-,-,-,-,-,-,-,-,-,-,-,-,-,-,-,-,-,-,-,-,-,-,-,-,-,-,-,7.000,-,-,-,-,-,-,-,-,-,-,-,-,-,-,-,-,-,-,-,-,-,-,-,-,-,-,-,-,-,-,-,-,-,-,-,-,-,-,-,-,-,-,-,-,-,-,-,-,-,-,-,-,-,-,-,-,-,-,-,-,-,-,-,-,-,-,-,-,-,-,-,-,-,-,-,-,-,-,-,-,-,-,-,-,-,-,-,-,-,-,-,7.000,7.000,7.000,-,7.000,7.000,7.000,7.000,9.170,7.750,7.750,7.750,7.750,7.750,6.000,7.750,7.750,7.750,10.000,6.000,6.000,6.000,7.750,7.750,7.750,7.750,7.750,7.750,7.750,7.750,7.750,7.750,7.750,7.750,7.750,7.750,7.750,7.750,7.750,7.750,7.750,7.750,7.750,7.750,7.750,9.180,7.750,7.750,7.750,7.750,7.750,7.750,6.000,6.000,7.750,6.000,7.750,7.750,7.750,7.750,7.750,7.750,7.750,7.750,7.750,7.750,7.750
Aceh,Ikan Kembung,-,-,-,-,41.890,46.150,44.790,44.930,46.520,46.050,46.010,45.790,45.420,46.880,40.420,45.070,46.150,47.100,46.660,45.700,45.440,45.330,45.520,45.800,45.030,45.240,46.360,46.460,47.050,47.550,47.490,47.190,47.110,47.050,47.080,48.190,47.390,47.250,47.460,47.080,46.860,46.730,46.930,46.930,46.970,46.250,46.930,48.270,47.690,47.020,45.880,45.840,46.770,46.030,45.470,45.620,44.720,46.050,46.230,46.670,46.890,46.890,46.400,46.500,47.240,45.670,44.910,45.480,45.060,45.960,44.760,45.000,45.110,44.940,45.440,45.250,44.300,44.710,44.870,45.960,43.860,43.270,44.210,45.360,45.140,47.890,46.810,46.320,47.390,46.050,46.050,46.620,46.960,44.940,44.100,44.750,33.010,46.850,46.760,45.630,45.490,46.690,45.340,45.690,45.650,45.430,44.980,44.850,45.290,46.270,47.010,47.290,47.290,48.970,47.270,46.470,46.580,46.400,45.730,47.800,47.100,48.430,46.950,45.650,46.300,46.440,46.580,47.310,47.530,47.570,47.930,47.420,47.450,47.950,47.240,48.160,47.620,48.300,47.010,46.420,45.720,46.170,46.370,45.440,46.070,45.860,45.390,46.880,46.930,46.570,44.050,44.890,45.870,45.360,46.250,46.000,46.940,46.440,46.740,46.720,47.590,46.510,46.290,47.150,47.730,47.340,46.760,46.560,46.620,46.880,45.650,45.430,44.100,45.800,45.610,45.320,47.250,45.200,46.000,43.150,44.350,47.220,45.620,46.780,46.780,46.640,46.250,47.720,47.920,48.710,48.110,47.300,47.810,47.090,45.780,45.970,45.250,45.890,45.060,44.850,44.180,44.310,44.090,44.990,44.340,45.190,46.120,44.080,43.430,43.170,44.440,45.020,45.310,44.410,44.640,44.870,46.210,45.550,46.670,45.830,45.610,47.430,46.980,46.470,46.200,45.890,45.050,45.440,45.990,46.670,46.290,46.940,46.810,47.310,46.000,45.990,45.100,45.250,45.380,44.720,45.470,45.550,47.010,46.550,45.740,47.240,45.650,41.730,47.330,46.270,46.660,45.330,46.500,46.760,46.680,47.230,47.320,46.680,47.770,46.650,47.110,46.820,46.510,46.620,47.290,45.460,46.730,48.270,48.530,48.510,48.690,48.240,47.380,47.820,47.350,47.210,48.600,47.300,47.410,46.860,47.730,46.750,47.970,47.040,46.380,45.570,45.360,44.790,46.140,47.330,45.190,45.940,46.380,45.810,46.130,45.920,45.900,46.960,45.880,45.430,44.500,45.740,46.680,45.780,46.460,45.720,46.570,46.670,46.580,47.340,46.430,46.010,45.920,46.130,46.070,46.610,46.520,45.570,44.200,44.040,44.080,45.070,43.910,44.530,43.940,44.360,43.660,43.940,44.110,44.340,45.140,45.110,45.090,45.170,45.910,45.700,44.890,45.440,45.490,44.880,44.560,44.990,44.250,43.490,45.200,44.770,44.480,43.180,44.570,43.790,44.450,43.980,43.140,43.470,45.150,43.310,42.510,42.890,43.330,44.210,45.310,45.920,45.980,45.170,45.160,46.600,45.930,44.160,44.010,44.870,44.470,44.740,44.130,42.860,42.850,43.040,41.420,42.540,42.680,42.880,42.870,42.680,43.860,43.310,43.230,43.680,43.800,43.510,43.390,43.190,43.820,43.390,44.870,46.000,44.840,44.820,45.200,45.180,46.030,45.950,46.940,45.430,45.350,45.800,47.160,45.840,45.200,47.090,47.580,45.980,47.570,47.520,45.450,47.340,48.250,47.730,48.200,48.160,47.720,47.730,47.670,47.770,46.690,47.800,47.210,43.400
Aceh,Ikan Tongkol,-,-,-,-,-,42.220,40.730,41.030,41.680,40.150,40.520,40.570,40.500,40.380,40.060,39.640,39.430,39.900,40.270,40.240,40.530,40.600,40.620,40.280,39.530,40.710,40.150,40.940,41.720,40.250,40.600,41.030,40.920,41.990,41.310,41.130,40.790,40.760,40.140,39.590,40.750,39.320,39.510,29.300,38.620,39.070,39.180,40.800,39.560,39.220,38.320,39.100,39.290,39.250,38.660,39.170,38.040,39.920,38.880,38.900,39.090,40.570,38.910,38.980,39.960,39.710,39.390,39.480,39.420,38.810,38.450,38.320,38.190,38.280,38.300,38.270,37.020,36.790,37.880,39.340,39.250,38.930,38.640,38.080,39.180,40.300,39.370,38.740,39.530,39.040,38.500,39.000,38.470,38.160,37.240,36.750,37.410,37.500,37.060,37.050,36.370,36.390,36.090,36.730,36.870,37.070,36.310,36.300,35.990,37.640,37.010,38.860,38.860,42.430,39.360,37.670,37.330,37.090,37.710,38.390,38.490,39.210,38.530,38.030,37.350,37.080,37.530,37.510,37.890,37.530,37.510,36.650,37.340,38.040,36.570,38.030,37.130,37.510,37.090,37.730,38.170,37.730,36.880,36.660,36.370,36.310,36.250,36.200,36.400,36.100,35.550,35.500,36.120,35.890,35.530,36.180,37.260,36.730,36.990,37.050,36.600,36.840,36.550,37.280,36.330,36.040,36.320,36.270,35.800,35.800,35.210,34.680,34.900,35.490,35.790,36.100,35.800,36.660,35.730,35.040,34.620,36.020,36.690,36.140,36.200,36.700,37.020,38.350,37.560,37.750,37.610,35.800,36.350,36.790,36.860,36.260,35.570,35.860,35.680,35.990,34.620,36.110,35.420,35.970,35.430,35.400,35.660,34.700,34.920,34.420,34.640,34.860,33.980,33.970,34.090,34.320,34.660,34.830,34.710,34.750,34.530,35.130,35.490,34.840,35.100,34.250,31.620,34.570,34.590,35.540,34.590,35.470,36.270,35.480,35.630,35.720,34.780,35.170,35.270,34.840,34.390,34.360,34.900,34.520,34.890,35.570,34.640,35.220,35.330,35.920,35.290,31.280,34.580,35.250,35.260,34.860,34.740,35.350,35.100,34.490,34.390,35.740,35.100,34.930,34.640,31.410,34.830,35.160,35.780,36.180,36.050,35.800,35.500,35.040,35.420,35.220,35.590,35.530,34.610,34.930,34.420,35.660,35.430,35.110,34.030,34.040,34.310,33.760,34.120,33.680,32.790,33.320,34.240,33.730,33.800,33.260,33.670,33.620,33.330,33.720,32.980,32.040,34.120,33.200,34.020,33.480,33.880,34.140,34.900,34.210,34.010,33.790,34.010,34.240,33.510,33.560,32.970,33.810,33.170,31.560,32.780,33.310,33.380,33.540,32.120,32.940,32.490,31.840,31.740,32.560,31.860,32.730,32.660,32.400,32.910,32.380,31.150,32.640,33.180,32.190,32.430,31.900,31.570,30.920,30.750,27.300,29.640,29.210,30.450,29.670,29.640,29.240,29.100,30.220,29.250,29.310,29.570,29.820,29.250,29.940,30.270,30.600,30.300,30.960,30.320,31.310,30.860,31.600,29.870,29.840,29.710,26.740,29.070,28.610,28.860,28.570,27.780,28.810,28.750,29.630,30.020,28.920,29.030,28.490,28.470,29.030,28.890,29.060,28.900,28.250,28.920,28.900,29.810,27.910,30.250,30.150,30.670,30.400,29.990,31.400,31.920,31.130,31.550,32.000,29.820,32.090,30.870,31.750,31.320,31.620,32.890,32.780,33.300,32.440,33.170,33.220,32.880,32.520,31.720,32.870,32.790,33.540,33.480,33.200,33.120,33.310
Aceh,Ikan Bandeng,-,-,-,-,-,37.070,37.000,38.050,36.770,35.240,36.730,36.630,37.200,36.410,35.960,34.840,34.690,35.200,35.700,35.700,36.460,34.890,35.730,36.520,36.060,35.420,35.670,36.260,35.810,35.900,37.490,38.200,37.670,37.260,36.880,37.070,37.300,38.730,37.080,36.750,36.690,35.570,36.040,35.810,38.110,36.180,36.590,37.510,36.410,35.670,35.190,35.140,35.400,35.510,35.880,35.820,36.200,36.030,36.090,35.170,36.170,36.620,36.720,36.520,35.700,36.320,36.220,35.910,36.030,35.120,35.810,36.760,35.760,35.040,35.090,35.340,34.910,34.570,34.160,36.010,31.810,35.310,35.610,34.830,35.070,35.910,35.230,35.440,36.030,36.190,35.680,35.900,35.610,35.330,35.270,34.950,35.670,35.690,35.580,36.260,36.420,35.820,36.420,36.830,36.290,36.830,36.580,35.280,35.600,35.890,37.070,36.190,36.190,38.230,36.840,35.620,35.550,35.790,36.010,36.540,32.000,37.870,36.390,36.470,37.170,37.480,38.040,38.190,38.430,37.850,37.580,38.720,38.810,39.310,37.690,37.800,38.040,38.250,37.540,37.810,38.280,37.950,38.140,38.100,37.780,37.320,37.700,35.860,36.550,36.860,30.850,35.910,37.060,36.630,36.900,36.370,36.640,36.730,36.930,36.400,37.030,35.980,37.580,37.840,37.450,37.040,37.820,36.490,37.320,36.560,36.480,35.720,36.760,37.400,36.950,37.370,36.850,36.770,36.940,35.070,34.670,37.410,36.840,37.740,36.570,36.900,36.490,38.230,37.120,37.950,37.380,37.820,37.710,37.560,37.660,37.530,37.380,36.920,37.710,36.070,35.000,35.850,36.060,35.880,36.390,36.640,36.710,35.750,35.060,35.760,35.840,34.820,34.530,35.060,34.460,34.800,35.140,36.130,37.240,35.940,36.220,36.380,36.270,36.970,36.330,34.860,33.900,34.410,29.870,35.900,35.390,35.670,37.450,36.350,36.640,36.710,36.890,36.620,37.210,37.230,36.340,36.380,36.180,37.200,35.570,36.380,36.350,36.620,36.280,35.750,37.090,32.740,37.770,37.680,38.760,37.920,36.530,36.930,37.700,37.390,36.930,36.460,35.960,36.000,36.310,36.660,36.530,36.530,37.530,37.240,37.210,36.740,36.310,36.410,36.790,36.270,36.130,37.130,37.010,36.840,37.310,37.090,37.110,36.180,36.150,35.170,35.480,34.660,35.800,35.350,35.770,35.680,35.320,35.770,36.070,36.200,35.800,36.010,36.040,36.040,35.500,35.950,35.580,36.260,36.000,35.740,35.570,36.600,36.730,36.690,35.580,35.880,35.540,35.840,36.150,36.050,33.920,34.970,36.300,35.180,35.380,35.480,35.140,34.410,34.830,34.550,34.970,34.680,34.830,34.680,34.870,34.680,34.970,35.390,35.370,34.550,34.720,34.190,35.350,35.390,34.770,35.000,34.750,35.350,35.070,34.470,34.580,33.790,34.810,33.880,33.340,33.170,33.940,34.270,33.440,29.680,33.660,34.810,33.730,34.520,35.070,34.750,34.620,35.440,35.410,35.770,36.020,35.100,35.290,34.510,35.280,36.020,35.320,34.410,34.410,34.120,34.190,33.740,33.670,34.120,34.170,34.750,34.280,34.370,33.250,34.540,34.040,33.930,33.250,32.810,33.320,33.310,33.630,35.010,35.340,34.910,34.680,33.400,34.710,35.410,35.980,35.660,34.860,35.550,34.260,34.870,34.730,35.150,35.710,35.330,35.460,35.170,35.800,36.140,36.180,36.300,35.810,36.280,35.720,36.110,35.960,35.940,36.770,35.410,35.850,36.940
Aceh,Garam Halus Beryodium,-,-,-,-,-,-,-,-,-,-,-,-,-,-,-,-,-,-,-,-,-,-,-,-,-,-,-,-,-,-,-,-,-,-,-,-,-,-,-,-,-,-,-,-,-,-,-,-,-,-,-,-,-,-,-,-,-,-,-,-,-,-,-,-,-,-,-,-,-,-,-,-,-,-,-,-,-,-,-,-,-,-,-,-,-,-,-,-,-,-,-,-,-,-,-,-,12.130,12.700,12.750,13.560,13.410,13.190,13.430,12.100,13.350,13.430,13.150,13.150,13.150,13.100,12.690,11.700,12.290,13.520,13.010,13.120,12.970,13.360,13.300,13.350,13.360,13.630,13.520,13.490,13.540,13.490,13.770,13.610,13.610,13.620,13.720,13.670,13.560,13.720,13.570,13.670,13.620,13.670,13.920,13.670,13.710,13.720,13.710,13.640,13.680,13.720,13.660,13.620,13.710,13.690,13.650,13.680,13.680,13.740,13.640,13.720,13.570,13.690,13.740,13.620,13.640,13.620,13.590,13.820,14.040,13.720,13.830,13.830,13.780,13.780,13.830,13.740,13.830,13.820,13.830,13.830,13.770,13.820,13.830,13.860,14.330,14.110,13.660,13.770,13.770,13.800,13.670,13.560,14.050,13.710,13.670,13.660,13.620,13.710,13.670,13.900,13.940,13.780,13.730,13.780,13.780,13.730,13.780,13.730,13.820,13.780,13.510,13.710,13.710,13.670,13.780,13.650,13.700,13.750,13.780,13.780,13.730,13.560,13.750,13.750,13.730,13.780,13.750,13.680,13.750,13.500,13.600,13.690,13.780,13.900,14.050,13.730,13.990,13.780,13.730,13.730,13.780,13.780,13.780,13.780,13.830,13.830,13.770,13.820,13.910,13.770,13.870,13.830,13.830,14.490,14.280,14.420,14.390,14.420,14.680,14.370,14.370,14.300,14.380,14.370,14.370,14.610,14.280,14.370,14.370,14.340,14.390,14.330,14.440,14.420,14.420,14.420,14.390,14.420,14.280,14.390,14.320,14.420,14.390,14.360,14.360,14.360,14.410,14.360,14.460,14.390,14.460,14.480,14.460,14.460,14.440,13.080,14.460,14.440,14.460,14.460,14.460,14.480,14.460,14.320,14.460,14.340,14.460,14.380,14.460,14.610,14.360,14.310,14.370,14.360,14.350,14.350,14.350,14.350,14.190,14.350,14.350,14.350,14.610,14.390,14.230,14.410,14.390,14.320,14.350,14.350,14.210,14.380,14.230,14.140,14.180,14.210,14.140,14.080,14.210,14.190,14.050,14.150,15.130,14.180,14.130,14.170,14.180,14.020,14.210,14.160,14.210,14.210,14.220,13.990,14.170,14.170,14.140,14.180,14.140,14.140,14.140,14.370,14.220,14.070,14.400,14.170,14.110,14.390,14.070,14.470,14.170,14.520,14.290,14.250,14.250,14.250,14.340,14.340,14.340,14.380,14.350,14.380,14.610,14.410,14.630,14.390,14.230,14.460,14.470,14.400,14.460,14.460,14.390,14.390,14.390,14.390,14.390,14.390,14.390,14.420,14.400,14.380,14.340,14.380,14.450,14.380,14.410,14.390,13.960,14.630,14.330,14.420,14.440,14.430,14.430,14.610,14.790,14.360,14.440,14.430,14.380,14.360,14.360,14.560,14.390,14.400,13.310,14.450,14.450,14.450
Aceh,Tepung Terigu Kemasan (non-curah),-,-,-,-,-,-,-,-,-,-,-,-,-,-,-,-,-,-,-,-,-,-,-,-,-,-,-,-,-,-,-,-,-,-,-,-,-,-,-,-,-,-,-,-,-,-,-,-,-,-,-,-,-,-,-,-,-,-,-,-,-,-,-,-,-,-,-,-,-,-,-,-,-,-,-,-,-,-,-,-,-,-,-,-,-,-,-,-,-,-,-,-,-,-,-,-,-,14.460,14.640,14.670,14.490,14.630,14.610,14.750,14.750,14.750,14.700,14.700,14.750,14.750,14.660,14.490,14.820,14.770,14.590,14.620,14.770,14.750,14.740,14.740,14.750,14.830,14.740,14.570,14.660,14.640,14.500,14.700,14.700,14.570,14.660,14.640,14.500,14.380,14.670,14.660,14.640,14.660,14.500,14.610,14.600,14.430,14.600,14.660,14.660,14.660,14.640,14.480,14.480,14.660,14.500,14.520,14.690,14.660,14.640,14.640,14.370,14.650,14.610,14.540,14.690,14.630,14.630,14.870,15.010,14.630,14.780,14.780,14.650,14.770,14.780,14.720,14.780,14.770,15.040,14.780,14.710,14.770,14.730,14.590,14.640,14.600,14.560,14.770,14.860,14.820,14.920,14.860,14.870,14.870,14.870,14.810,14.870,14.870,14.730,14.860,14.780,14.870,14.910,14.870,14.870,14.870,14.870,14.820,14.960,14.830,14.770,14.870,14.870,14.780,14.870,14.820,14.830,14.840,14.840,14.840,14.830,14.840,14.840,14.840,14.870,14.870,14.870,14.910,14.870,14.820,14.830,14.870,14.830,14.860,14.820,14.870,14.910,14.870,14.700,14.870,15.120,14.870,14.870,14.740,14.870,14.870,14.870,14.870,15.010,14.860,14.830,14.830,14.830,14.860,14.790,14.830,14.870,14.830,14.830,14.790,14.790,14.760,14.780,14.790,14.790,14.820,14.720,14.880,14.830,14.650,14.870,14.790,14.870,14.830,14.830,14.830,14.700,14.830,14.880,14.710,14.680,14.880,14.880,14.750,14.750,14.880,14.920,14.880,14.880,14.880,14.880,14.640,14.950,14.880,14.750,14.870,14.920,14.740,14.920,14.920,14.920,14.920,14.880,14.880,14.790,14.730,14.790,14.680,14.620,14.680,14.830,14.870,14.830,14.730,14.790,14.750,14.750,14.750,14.750,14.750,14.750,14.790,14.770,14.750,14.640,14.730,14.790,14.780,14.780,14.870,14.830,14.830,14.780,14.920,14.820,14.780,14.820,14.700,14.780,14.630,14.620,14.910,14.780,14.650,14.780,14.780,15.000,14.630,14.780,14.780,14.780,14.780,14.770,14.730,14.780,14.820,14.770,14.710,14.760,14.820,14.820,14.810,14.870,14.960,14.820,14.820,14.810,14.800,14.620,14.820,14.820,14.820,14.860,14.820,14.820,14.820,14.820,14.820,14.820,14.820,14.860,14.820,14.860,14.810,14.860,14.820,14.870,14.810,14.840,14.800,14.780,14.780,14.780,14.660,14.740,14.780,14.780,14.780,14.820,14.820,14.850,14.850,14.850,14.840,14.830,14.850,14.870,14.720,15.190,15.040,14.780,14.820,14.890,14.880,14.880,14.830,14.850,14.820,15.150,14.860,14.860,14.860,14.860,14.850,14.860,14.750,14.950,15.130,14.760,14.700
,,,,,,,,,,,,,,,,,,,,,,,,,,,,,,,,,,,,,,,,,,,,,,,,,,,,,,,,,,,,,,,,,,,,,,,,,,,,,,,,,,,,,,,,,,,,,,,,,,,,,,,,,,,,,,,,,,,,,,,,,,,,,,,,,,,,,,,,,,,,,,,,,,,,,,,,,,,,,,,,,,,,,,,,,,,,,,,,,,,,,,,,,,,,,,,,,,,,,,,,,,,,,,,,,,,,,,,,,,,,,,,,,,,,,,,,,,,,,,,,,,,,,,,,,,,,,,,,,,,,,,,,,,,,,,,,,,,,,,,,,,,,,,,,,,,,,,,,,,,,,,,,,,,,,,,,,,,,,,,,,,,,,,,,,,,,,,,,,,,,,,,,,,,,,,,,,,,,,,,,,,,,,,,,,,,,,,,,,,,,,,,,,,,,,,,,,,,,,,,,,,,,,,,,,,,,,,,,,,,,,,,,,,,
,,,,,,,,,,,,,,,,,,,,,,,,,,,,,,,,,,,,,,,,,,,,,,,,,,,,,,,,,,,,,,,,,,,,,,,,,,,,,,,,,,,,,,,,,,,,,,,,,,,,,,,,,,,,,,,,,,,,,,,,,,,,,,,,,,,,,,,,,,,,,,,,,,,,,,,,,,,,,,,,,,,,,,,,,,,,,,,,,,,,,,,,,,,,,,,,,,,,,,,,,,,,,,,,,,,,,,,,,,,,,,,,,,,,,,,,,,,,,,,,,,,,,,,,,,,,,,,,,,,,,,,,,,,,,,,,,,,,,,,,,,,,,,,,,,,,,,,,,,,,,,,,,,,,,,,,,,,,,,,,,,,,,,,,,,,,,,,,,,,,,,,,,,,,,,,,,,,,,,,,,,,,,,,,,,,,,,,,,,,,,,,,,,,,,,,,,,,,,,,,,,,,,,,,,,,,,,,,,,,,,,,,,,,
Aceh,,,,,,,,,,,,,,,,,,,,,,,,,,,,,,,,,,,,,,,,,,,,,,,,,,,,,,,,,,,,,,,,,,,,,,,,,,,,,,,,,,,,,,,,,,,,,,,,,,,,,,,,,,,,,,,,,,,,,,,,,,,,,,,,,,,,,,,,,,,,,,,,,,,,,,,,,,,,,,,,,,,,,,,,,,,,,,,,,,,,,,,,,,,,,,,,,,,,,,,,,,,,,,,,,,,,,,,,,,,,,,,,,,,,,,,,,,,,,,,,,,,,,,,,,,,,,,,,,,,,,,,,,,,,,,,,,,,,,,,,,,,,,,,,,,,,,,,,,,,,,,,,,,,,,,,,,,,,,,,,,,,,,,,,,,,,,,,,,,,,,,,,,,,,,,,,,,,,,,,,,,,,,,,,,,,,,,,,,,,,,,,,,,,,,,,,,,,,,,,,,,,,,,,,,,,,,,,,,,,,,,,,,,,
Sumatera Utara,,,,,,,,,,,,,,,,,,,,,,,,,,,,,,,,,,,,,,,,,,,,,,,,,,,,,,,,,,,,,,,,,,,,,,,,,,,,,,,,,,,,,,,,,,,,,,,,,,,,,,,,,,,,,,,,,,,,,,,,,,,,,,,,,,,,,,,,,,,,,,,,,,,,,,,,,,,,,,,,,,,,,,,,,,,,,,,,,,,,,,,,,,,,,,,,,,,,,,,,,,,,,,,,,,,,,,,,,,,,,,,,,,,,,,,,,,,,,,,,,,,,,,,,,,,,,,,,,,,,,,,,,,,,,,,,,,,,,,,,,,,,,,,,,,,,,,,,,,,,,,,,,,,,,,,,,,,,,,,,,,,,,,,,,,,,,,,,,,,,,,,,,,,,,,,,,,,,,,,,,,,,,,,,,,,,,,,,,,,,,,,,,,,,,,,,,,,,,,,,,,,,,,,,,,,,,,,,,,,,,,,,,,,
Sumatera Barat,,,,,,,,,,,,,,,,,,,,,,,,,,,,,,,,,,,,,,,,,,,,,,,,,,,,,,,,,,,,,,,,,,,,,,,,,,,,,,,,,,,,,,,,,,,,,,,,,,,,,,,,,,,,,,,,,,,,,,,,,,,,,,,,,,,,,,,,,,,,,,,,,,,,,,,,,,,,,,,,,,,,,,,,,,,,,,,,,,,,,,,,,,,,,,,,,,,,,,,,,,,,,,,,,,,,,,,,,,,,,,,,,,,,,,,,,,,,,,,,,,,,,,,,,,,,,,,,,,,,,,,,,,,,,,,,,,,,,,,,,,,,,,,,,,,,,,,,,,,,,,,,,,,,,,,,,,,,,,,,,,,,,,,,,,,,,,,,,,,,,,,,,,,,,,,,,,,,,,,,,,,,,,,,,,,,,,,,,,,,,,,,,,,,,,,,,,,,,,,,,,,,,,,,,,,,,,,,,,,,,,,,,,,
Riau,,,,,,,,,,,,,,,,,,,,,,,,,,,,,,,,,,,,,,,,,,,,,,,,,,,,,,,,,,,,,,,,,,,,,,,,,,,,,,,,,,,,,,,,,,,,,,,,,,,,,,,,,,,,,,,,,,,,,,,,,,,,,,,,,,,,,,,,,,,,,,,,,,,,,,,,,,,,,,,,,,,,,,,,,,,,,,,,,,,,,,,,,,,,,,,,,,,,,,,,,,,,,,,,,,,,,,,,,,,,,,,,,,,,,,,,,,,,,,,,,,,,,,,,,,,,,,,,,,,,,,,,,,,,,,,,,,,,,,,,,,,,,,,,,,,,,,,,,,,,,,,,,,,,,,,,,,,,,,,,,,,,,,,,,,,,,,,,,,,,,,,,,,,,,,,,,,,,,,,,,,,,,,,,,,,,,,,,,,,,,,,,,,,,,,,,,,,,,,,,,,,,,,,,,,,,,,,,,,,,,,,,,,,
Jambi,,,,,,,,,,,,,,,,,,,,,,,,,,,,,,,,,,,,,,,,,,,,,,,,,,,,,,,,,,,,,,,,,,,,,,,,,,,,,,,,,,,,,,,,,,,,,,,,,,,,,,,,,,,,,,,,,,,,,,,,,,,,,,,,,,,,,,,,,,,,,,,,,,,,,,,,,,,,,,,,,,,,,,,,,,,,,,,,,,,,,,,,,,,,,,,,,,,,,,,,,,,,,,,,,,,,,,,,,,,,,,,,,,,,,,,,,,,,,,,,,,,,,,,,,,,,,,,,,,,,,,,,,,,,,,,,,,,,,,,,,,,,,,,,,,,,,,,,,,,,,,,,,,,,,,,,,,,,,,,,,,,,,,,,,,,,,,,,,,,,,,,,,,,,,,,,,,,,,,,,,,,,,,,,,,,,,,,,,,,,,,,,,,,,,,,,,,,,,,,,,,,,,,,,,,,,,,,,,,,,,,,,,,,
Sumatera Selatan,,,,,,,,,,,,,,,,,,,,,,,,,,,,,,,,,,,,,,,,,,,,,,,,,,,,,,,,,,,,,,,,,,,,,,,,,,,,,,,,,,,,,,,,,,,,,,,,,,,,,,,,,,,,,,,,,,,,,,,,,,,,,,,,,,,,,,,,,,,,,,,,,,,,,,,,,,,,,,,,,,,,,,,,,,,,,,,,,,,,,,,,,,,,,,,,,,,,,,,,,,,,,,,,,,,,,,,,,,,,,,,,,,,,,,,,,,,,,,,,,,,,,,,,,,,,,,,,,,,,,,,,,,,,,,,,,,,,,,,,,,,,,,,,,,,,,,,,,,,,,,,,,,,,,,,,,,,,,,,,,,,,,,,,,,,,,,,,,,,,,,,,,,,,,,,,,,,,,,,,,,,,,,,,,,,,,,,,,,,,,,,,,,,,,,,,,,,,,,,,,,,,,,,,,,,,,,,,,,,,,,,,,,,
Bengkulu,,,,,,,,,,,,,,,,,,,,,,,,,,,,,,,,,,,,,,,,,,,,,,,,,,,,,,,,,,,,,,,,,,,,,,,,,,,,,,,,,,,,,,,,,,,,,,,,,,,,,,,,,,,,,,,,,,,,,,,,,,,,,,,,,,,,,,,,,,,,,,,,,,,,,,,,,,,,,,,,,,,,,,,,,,,,,,,,,,,,,,,,,,,,,,,,,,,,,,,,,,,,,,,,,,,,,,,,,,,,,,,,,,,,,,,,,,,,,,,,,,,,,,,,,,,,,,,,,,,,,,,,,,,,,,,,,,,,,,,,,,,,,,,,,,,,,,,,,,,,,,,,,,,,,,,,,,,,,,,,,,,,,,,,,,,,,,,,,,,,,,,,,,,,,,,,,,,,,,,,,,,,,,,,,,,,,,,,,,,,,,,,,,,,,,,,,,,,,,,,,,,,,,,,,,,,,,,,,,,,,,,,,,,
Lampung,,,,,,,,,,,,,,,,,,,,,,,,,,,,,,,,,,,,,,,,,,,,,,,,,,,,,,,,,,,,,,,,,,,,,,,,,,,,,,,,,,,,,,,,,,,,,,,,,,,,,,,,,,,,,,,,,,,,,,,,,,,,,,,,,,,,,,,,,,,,,,,,,,,,,,,,,,,,,,,,,,,,,,,,,,,,,,,,,,,,,,,,,,,,,,,,,,,,,,,,,,,,,,,,,,,,,,,,,,,,,,,,,,,,,,,,,,,,,,,,,,,,,,,,,,,,,,,,,,,,,,,,,,,,,,,,,,,,,,,,,,,,,,,,,,,,,,,,,,,,,,,,,,,,,,,,,,,,,,,,,,,,,,,,,,,,,,,,,,,,,,,,,,,,,,,,,,,,,,,,,,,,,,,,,,,,,,,,,,,,,,,,,,,,,,,,,,,,,,,,,,,,,,,,,,,,,,,,,,,,,,,,,,,
Kepulauan Bangka Belitung,,,,,,,,,,,,,,,,,,,,,,,,,,,,,,,,,,,,,,,,,,,,,,,,,,,,,,,,,,,,,,,,,,,,,,,,,,,,,,,,,,,,,,,,,,,,,,,,,,,,,,,,,,,,,,,,,,,,,,,,,,,,,,,,,,,,,,,,,,,,,,,,,,,,,,,,,,,,,,,,,,,,,,,,,,,,,,,,,,,,,,,,,,,,,,,,,,,,,,,,,,,,,,,,,,,,,,,,,,,,,,,,,,,,,,,,,,,,,,,,,,,,,,,,,,,,,,,,,,,,,,,,,,,,,,,,,,,,,,,,,,,,,,,,,,,,,,,,,,,,,,,,,,,,,,,,,,,,,,,,,,,,,,,,,,,,,,,,,,,,,,,,,,,,,,,,,,,,,,,,,,,,,,,,,,,,,,,,,,,,,,,,,,,,,,,,,,,,,,,,,,,,,,,,,,,,,,,,,,,,,,,,,,,
Kepulauan Riau,,,,,,,,,,,,,,,,,,,,,,,,,,,,,,,,,,,,,,,,,,,,,,,,,,,,,,,,,,,,,,,,,,,,,,,,,,,,,,,,,,,,,,,,,,,,,,,,,,,,,,,,,,,,,,,,,,,,,,,,,,,,,,,,,,,,,,,,,,,,,,,,,,,,,,,,,,,,,,,,,,,,,,,,,,,,,,,,,,,,,,,,,,,,,,,,,,,,,,,,,,,,,,,,,,,,,,,,,,,,,,,,,,,,,,,,,,,,,,,,,,,,,,,,,,,,,,,,,,,,,,,,,,,,,,,,,,,,,,,,,,,,,,,,,,,,,,,,,,,,,,,,,,,,,,,,,,,,,,,,,,,,,,,,,,,,,,,,,,,,,,,,,,,,,,,,,,,,,,,,,,,,,,,,,,,,,,,,,,,,,,,,,,,,,,,,,,,,,,,,,,,,,,,,,,,,,,,,,,,,,,,,,,,
DKI Jakarta,,,,,,,,,,,,,,,,,,,,,,,,,,,,,,,,,,,,,,,,,,,,,,,,,,,,,,,,,,,,,,,,,,,,,,,,,,,,,,,,,,,,,,,,,,,,,,,,,,,,,,,,,,,,,,,,,,,,,,,,,,,,,,,,,,,,,,,,,,,,,,,,,,,,,,,,,,,,,,,,,,,,,,,,,,,,,,,,,,,,,,,,,,,,,,,,,,,,,,,,,,,,,,,,,,,,,,,,,,,,,,,,,,,,,,,,,,,,,,,,,,,,,,,,,,,,,,,,,,,,,,,,,,,,,,,,,,,,,,,,,,,,,,,,,,,,,,,,,,,,,,,,,,,,,,,,,,,,,,,,,,,,,,,,,,,,,,,,,,,,,,,,,,,,,,,,,,,,,,,,,,,,,,,,,,,,,,,,,,,,,,,,,,,,,,,,,,,,,,,,,,,,,,,,,,,,,,,,,,,,,,,,,,,
Jawa Barat,,,,,,,,,,,,,,,,,,,,,,,,,,,,,,,,,,,,,,,,,,,,,,,,,,,,,,,,,,,,,,,,,,,,,,,,,,,,,,,,,,,,,,,,,,,,,,,,,,,,,,,,,,,,,,,,,,,,,,,,,,,,,,,,,,,,,,,,,,,,,,,,,,,,,,,,,,,,,,,,,,,,,,,,,,,,,,,,,,,,,,,,,,,,,,,,,,,,,,,,,,,,,,,,,,,,,,,,,,,,,,,,,,,,,,,,,,,,,,,,,,,,,,,,,,,,,,,,,,,,,,,,,,,,,,,,,,,,,,,,,,,,,,,,,,,,,,,,,,,,,,,,,,,,,,,,,,,,,,,,,,,,,,,,,,,,,,,,,,,,,,,,,,,,,,,,,,,,,,,,,,,,,,,,,,,,,,,,,,,,,,,,,,,,,,,,,,,,,,,,,,,,,,,,,,,,,,,,,,,,,,,,,,,
Jawa Tengah,,,,,,,,,,,,,,,,,,,,,,,,,,,,,,,,,,,,,,,,,,,,,,,,,,,,,,,,,,,,,,,,,,,,,,,,,,,,,,,,,,,,,,,,,,,,,,,,,,,,,,,,,,,,,,,,,,,,,,,,,,,,,,,,,,,,,,,,,,,,,,,,,,,,,,,,,,,,,,,,,,,,,,,,,,,,,,,,,,,,,,,,,,,,,,,,,,,,,,,,,,,,,,,,,,,,,,,,,,,,,,,,,,,,,,,,,,,,,,,,,,,,,,,,,,,,,,,,,,,,,,,,,,,,,,,,,,,,,,,,,,,,,,,,,,,,,,,,,,,,,,,,,,,,,,,,,,,,,,,,,,,,,,,,,,,,,,,,,,,,,,,,,,,,,,,,,,,,,,,,,,,,,,,,,,,,,,,,,,,,,,,,,,,,,,,,,,,,,,,,,,,,,,,,,,,,,,,,,,,,,,,,,,,
D.I Yogyakarta,,,,,,,,,,,,,,,,,,,,,,,,,,,,,,,,,,,,,,,,,,,,,,,,,,,,,,,,,,,,,,,,,,,,,,,,,,,,,,,,,,,,,,,,,,,,,,,,,,,,,,,,,,,,,,,,,,,,,,,,,,,,,,,,,,,,,,,,,,,,,,,,,,,,,,,,,,,,,,,,,,,,,,,,,,,,,,,,,,,,,,,,,,,,,,,,,,,,,,,,,,,,,,,,,,,,,,,,,,,,,,,,,,,,,,,,,,,,,,,,,,,,,,,,,,,,,,,,,,,,,,,,,,,,,,,,,,,,,,,,,,,,,,,,,,,,,,,,,,,,,,,,,,,,,,,,,,,,,,,,,,,,,,,,,,,,,,,,,,,,,,,,,,,,,,,,,,,,,,,,,,,,,,,,,,,,,,,,,,,,,,,,,,,,,,,,,,,,,,,,,,,,,,,,,,,,,,,,,,,,,,,,,,,
Jawa Timur,,,,,,,,,,,,,,,,,,,,,,,,,,,,,,,,,,,,,,,,,,,,,,,,,,,,,,,,,,,,,,,,,,,,,,,,,,,,,,,,,,,,,,,,,,,,,,,,,,,,,,,,,,,,,,,,,,,,,,,,,,,,,,,,,,,,,,,,,,,,,,,,,,,,,,,,,,,,,,,,,,,,,,,,,,,,,,,,,,,,,,,,,,,,,,,,,,,,,,,,,,,,,,,,,,,,,,,,,,,,,,,,,,,,,,,,,,,,,,,,,,,,,,,,,,,,,,,,,,,,,,,,,,,,,,,,,,,,,,,,,,,,,,,,,,,,,,,,,,,,,,,,,,,,,,,,,,,,,,,,,,,,,,,,,,,,,,,,,,,,,,,,,,,,,,,,,,,,,,,,,,,,,,,,,,,,,,,,,,,,,,,,,,,,,,,,,,,,,,,,,,,,,,,,,,,,,,,,,,,,,,,,,,,
Banten,,,,,,,,,,,,,,,,,,,,,,,,,,,,,,,,,,,,,,,,,,,,,,,,,,,,,,,,,,,,,,,,,,,,,,,,,,,,,,,,,,,,,,,,,,,,,,,,,,,,,,,,,,,,,,,,,,,,,,,,,,,,,,,,,,,,,,,,,,,,,,,,,,,,,,,,,,,,,,,,,,,,,,,,,,,,,,,,,,,,,,,,,,,,,,,,,,,,,,,,,,,,,,,,,,,,,,,,,,,,,,,,,,,,,,,,,,,,,,,,,,,,,,,,,,,,,,,,,,,,,,,,,,,,,,,,,,,,,,,,,,,,,,,,,,,,,,,,,,,,,,,,,,,,,,,,,,,,,,,,,,,,,,,,,,,,,,,,,,,,,,,,,,,,,,,,,,,,,,,,,,,,,,,,,,,,,,,,,,,,,,,,,,,,,,,,,,,,,,,,,,,,,,,,,,,,,,,,,,,,,,,,,,,
Bali,,,,,,,,,,,,,,,,,,,,,,,,,,,,,,,,,,,,,,,,,,,,,,,,,,,,,,,,,,,,,,,,,,,,,,,,,,,,,,,,,,,,,,,,,,,,,,,,,,,,,,,,,,,,,,,,,,,,,,,,,,,,,,,,,,,,,,,,,,,,,,,,,,,,,,,,,,,,,,,,,,,,,,,,,,,,,,,,,,,,,,,,,,,,,,,,,,,,,,,,,,,,,,,,,,,,,,,,,,,,,,,,,,,,,,,,,,,,,,,,,,,,,,,,,,,,,,,,,,,,,,,,,,,,,,,,,,,,,,,,,,,,,,,,,,,,,,,,,,,,,,,,,,,,,,,,,,,,,,,,,,,,,,,,,,,,,,,,,,,,,,,,,,,,,,,,,,,,,,,,,,,,,,,,,,,,,,,,,,,,,,,,,,,,,,,,,,,,,,,,,,,,,,,,,,,,,,,,,,,,,,,,,,,
Nusa Tenggara Barat,,,,,,,,,,,,,,,,,,,,,,,,,,,,,,,,,,,,,,,,,,,,,,,,,,,,,,,,,,,,,,,,,,,,,,,,,,,,,,,,,,,,,,,,,,,,,,,,,,,,,,,,,,,,,,,,,,,,,,,,,,,,,,,,,,,,,,,,,,,,,,,,,,,,,,,,,,,,,,,,,,,,,,,,,,,,,,,,,,,,,,,,,,,,,,,,,,,,,,,,,,,,,,,,,,,,,,,,,,,,,,,,,,,,,,,,,,,,,,,,,,,,,,,,,,,,,,,,,,,,,,,,,,,,,,,,,,,,,,,,,,,,,,,,,,,,,,,,,,,,,,,,,,,,,,,,,,,,,,,,,,,,,,,,,,,,,,,,,,,,,,,,,,,,,,,,,,,,,,,,,,,,,,,,,,,,,,,,,,,,,,,,,,,,,,,,,,,,,,,,,,,,,,,,,,,,,,,,,,,,,,,,,,,
Nusa Tenggara Timur,,,,,,,,,,,,,,,,,,,,,,,,,,,,,,,,,,,,,,,,,,,,,,,,,,,,,,,,,,,,,,,,,,,,,,,,,,,,,,,,,,,,,,,,,,,,,,,,,,,,,,,,,,,,,,,,,,,,,,,,,,,,,,,,,,,,,,,,,,,,,,,,,,,,,,,,,,,,,,,,,,,,,,,,,,,,,,,,,,,,,,,,,,,,,,,,,,,,,,,,,,,,,,,,,,,,,,,,,,,,,,,,,,,,,,,,,,,,,,,,,,,,,,,,,,,,,,,,,,,,,,,,,,,,,,,,,,,,,,,,,,,,,,,,,,,,,,,,,,,,,,,,,,,,,,,,,,,,,,,,,,,,,,,,,,,,,,,,,,,,,,,,,,,,,,,,,,,,,,,,,,,,,,,,,,,,,,,,,,,,,,,,,,,,,,,,,,,,,,,,,,,,,,,,,,,,,,,,,,,,,,,,,,,
Kalimantan Barat,,,,,,,,,,,,,,,,,,,,,,,,,,,,,,,,,,,,,,,,,,,,,,,,,,,,,,,,,,,,,,,,,,,,,,,,,,,,,,,,,,,,,,,,,,,,,,,,,,,,,,,,,,,,,,,,,,,,,,,,,,,,,,,,,,,,,,,,,,,,,,,,,,,,,,,,,,,,,,,,,,,,,,,,,,,,,,,,,,,,,,,,,,,,,,,,,,,,,,,,,,,,,,,,,,,,,,,,,,,,,,,,,,,,,,,,,,,,,,,,,,,,,,,,,,,,,,,,,,,,,,,,,,,,,,,,,,,,,,,,,,,,,,,,,,,,,,,,,,,,,,,,,,,,,,,,,,,,,,,,,,,,,,,,,,,,,,,,,,,,,,,,,,,,,,,,,,,,,,,,,,,,,,,,,,,,,,,,,,,,,,,,,,,,,,,,,,,,,,,,,,,,,,,,,,,,,,,,,,,,,,,,,,,
Kalimantan Tengah,,,,,,,,,,,,,,,,,,,,,,,,,,,,,,,,,,,,,,,,,,,,,,,,,,,,,,,,,,,,,,,,,,,,,,,,,,,,,,,,,,,,,,,,,,,,,,,,,,,,,,,,,,,,,,,,,,,,,,,,,,,,,,,,,,,,,,,,,,,,,,,,,,,,,,,,,,,,,,,,,,,,,,,,,,,,,,,,,,,,,,,,,,,,,,,,,,,,,,,,,,,,,,,,,,,,,,,,,,,,,,,,,,,,,,,,,,,,,,,,,,,,,,,,,,,,,,,,,,,,,,,,,,,,,,,,,,,,,,,,,,,,,,,,,,,,,,,,,,,,,,,,,,,,,,,,,,,,,,,,,,,,,,,,,,,,,,,,,,,,,,,,,,,,,,,,,,,,,,,,,,,,,,,,,,,,,,,,,,,,,,,,,,,,,,,,,,,,,,,,,,,,,,,,,,,,,,,,,,,,,,,,,,,
Kalimantan Selatan,,,,,,,,,,,,,,,,,,,,,,,,,,,,,,,,,,,,,,,,,,,,,,,,,,,,,,,,,,,,,,,,,,,,,,,,,,,,,,,,,,,,,,,,,,,,,,,,,,,,,,,,,,,,,,,,,,,,,,,,,,,,,,,,,,,,,,,,,,,,,,,,,,,,,,,,,,,,,,,,,,,,,,,,,,,,,,,,,,,,,,,,,,,,,,,,,,,,,,,,,,,,,,,,,,,,,,,,,,,,,,,,,,,,,,,,,,,,,,,,,,,,,,,,,,,,,,,,,,,,,,,,,,,,,,,,,,,,,,,,,,,,,,,,,,,,,,,,,,,,,,,,,,,,,,,,,,,,,,,,,,,,,,,,,,,,,,,,,,,,,,,,,,,,,,,,,,,,,,,,,,,,,,,,,,,,,,,,,,,,,,,,,,,,,,,,,,,,,,,,,,,,,,,,,,,,,,,,,,,,,,,,,,,
Kalimaantan Timur,,,,,,,,,,,,,,,,,,,,,,,,,,,,,,,,,,,,,,,,,,,,,,,,,,,,,,,,,,,,,,,,,,,,,,,,,,,,,,,,,,,,,,,,,,,,,,,,,,,,,,,,,,,,,,,,,,,,,,,,,,,,,,,,,,,,,,,,,,,,,,,,,,,,,,,,,,,,,,,,,,,,,,,,,,,,,,,,,,,,,,,,,,,,,,,,,,,,,,,,,,,,,,,,,,,,,,,,,,,,,,,,,,,,,,,,,,,,,,,,,,,,,,,,,,,,,,,,,,,,,,,,,,,,,,,,,,,,,,,,,,,,,,,,,,,,,,,,,,,,,,,,,,,,,,,,,,,,,,,,,,,,,,,,,,,,,,,,,,,,,,,,,,,,,,,,,,,,,,,,,,,,,,,,,,,,,,,,,,,,,,,,,,,,,,,,,,,,,,,,,,,,,,,,,,,,,,,,,,,,,,,,,,,
Kalimantan Utara,,,,,,,,,,,,,,,,,,,,,,,,,,,,,,,,,,,,,,,,,,,,,,,,,,,,,,,,,,,,,,,,,,,,,,,,,,,,,,,,,,,,,,,,,,,,,,,,,,,,,,,,,,,,,,,,,,,,,,,,,,,,,,,,,,,,,,,,,,,,,,,,,,,,,,,,,,,,,,,,,,,,,,,,,,,,,,,,,,,,,,,,,,,,,,,,,,,,,,,,,,,,,,,,,,,,,,,,,,,,,,,,,,,,,,,,,,,,,,,,,,,,,,,,,,,,,,,,,,,,,,,,,,,,,,,,,,,,,,,,,,,,,,,,,,,,,,,,,,,,,,,,,,,,,,,,,,,,,,,,,,,,,,,,,,,,,,,,,,,,,,,,,,,,,,,,,,,,,,,,,,,,,,,,,,,,,,,,,,,,,,,,,,,,,,,,,,,,,,,,,,,,,,,,,,,,,,,,,,,,,,,,,,,
Sulawesi Utara,,,,,,,,,,,,,,,,,,,,,,,,,,,,,,,,,,,,,,,,,,,,,,,,,,,,,,,,,,,,,,,,,,,,,,,,,,,,,,,,,,,,,,,,,,,,,,,,,,,,,,,,,,,,,,,,,,,,,,,,,,,,,,,,,,,,,,,,,,,,,,,,,,,,,,,,,,,,,,,,,,,,,,,,,,,,,,,,,,,,,,,,,,,,,,,,,,,,,,,,,,,,,,,,,,,,,,,,,,,,,,,,,,,,,,,,,,,,,,,,,,,,,,,,,,,,,,,,,,,,,,,,,,,,,,,,,,,,,,,,,,,,,,,,,,,,,,,,,,,,,,,,,,,,,,,,,,,,,,,,,,,,,,,,,,,,,,,,,,,,,,,,,,,,,,,,,,,,,,,,,,,,,,,,,,,,,,,,,,,,,,,,,,,,,,,,,,,,,,,,,,,,,,,,,,,,,,,,,,,,,,,,,,,
Sulawesi Tengah,,,,,,,,,,,,,,,,,,,,,,,,,,,,,,,,,,,,,,,,,,,,,,,,,,,,,,,,,,,,,,,,,,,,,,,,,,,,,,,,,,,,,,,,,,,,,,,,,,,,,,,,,,,,,,,,,,,,,,,,,,,,,,,,,,,,,,,,,,,,,,,,,,,,,,,,,,,,,,,,,,,,,,,,,,,,,,,,,,,,,,,,,,,,,,,,,,,,,,,,,,,,,,,,,,,,,,,,,,,,,,,,,,,,,,,,,,,,,,,,,,,,,,,,,,,,,,,,,,,,,,,,,,,,,,,,,,,,,,,,,,,,,,,,,,,,,,,,,,,,,,,,,,,,,,,,,,,,,,,,,,,,,,,,,,,,,,,,,,,,,,,,,,,,,,,,,,,,,,,,,,,,,,,,,,,,,,,,,,,,,,,,,,,,,,,,,,,,,,,,,,,,,,,,,,,,,,,,,,,,,,,,,,,
Sulawesi Selatan,,,,,,,,,,,,,,,,,,,,,,,,,,,,,,,,,,,,,,,,,,,,,,,,,,,,,,,,,,,,,,,,,,,,,,,,,,,,,,,,,,,,,,,,,,,,,,,,,,,,,,,,,,,,,,,,,,,,,,,,,,,,,,,,,,,,,,,,,,,,,,,,,,,,,,,,,,,,,,,,,,,,,,,,,,,,,,,,,,,,,,,,,,,,,,,,,,,,,,,,,,,,,,,,,,,,,,,,,,,,,,,,,,,,,,,,,,,,,,,,,,,,,,,,,,,,,,,,,,,,,,,,,,,,,,,,,,,,,,,,,,,,,,,,,,,,,,,,,,,,,,,,,,,,,,,,,,,,,,,,,,,,,,,,,,,,,,,,,,,,,,,,,,,,,,,,,,,,,,,,,,,,,,,,,,,,,,,,,,,,,,,,,,,,,,,,,,,,,,,,,,,,,,,,,,,,,,,,,,,,,,,,,,,
Sulawesi Tenggara,,,,,,,,,,,,,,,,,,,,,,,,,,,,,,,,,,,,,,,,,,,,,,,,,,,,,,,,,,,,,,,,,,,,,,,,,,,,,,,,,,,,,,,,,,,,,,,,,,,,,,,,,,,,,,,,,,,,,,,,,,,,,,,,,,,,,,,,,,,,,,,,,,,,,,,,,,,,,,,,,,,,,,,,,,,,,,,,,,,,,,,,,,,,,,,,,,,,,,,,,,,,,,,,,,,,,,,,,,,,,,,,,,,,,,,,,,,,,,,,,,,,,,,,,,,,,,,,,,,,,,,,,,,,,,,,,,,,,,,,,,,,,,,,,,,,,,,,,,,,,,,,,,,,,,,,,,,,,,,,,,,,,,,,,,,,,,,,,,,,,,,,,,,,,,,,,,,,,,,,,,,,,,,,,,,,,,,,,,,,,,,,,,,,,,,,,,,,,,,,,,,,,,,,,,,,,,,,,,,,,,,,,,,
Gorontalo,,,,,,,,,,,,,,,,,,,,,,,,,,,,,,,,,,,,,,,,,,,,,,,,,,,,,,,,,,,,,,,,,,,,,,,,,,,,,,,,,,,,,,,,,,,,,,,,,,,,,,,,,,,,,,,,,,,,,,,,,,,,,,,,,,,,,,,,,,,,,,,,,,,,,,,,,,,,,,,,,,,,,,,,,,,,,,,,,,,,,,,,,,,,,,,,,,,,,,,,,,,,,,,,,,,,,,,,,,,,,,,,,,,,,,,,,,,,,,,,,,,,,,,,,,,,,,,,,,,,,,,,,,,,,,,,,,,,,,,,,,,,,,,,,,,,,,,,,,,,,,,,,,,,,,,,,,,,,,,,,,,,,,,,,,,,,,,,,,,,,,,,,,,,,,,,,,,,,,,,,,,,,,,,,,,,,,,,,,,,,,,,,,,,,,,,,,,,,,,,,,,,,,,,,,,,,,,,,,,,,,,,,,,
Sulawesi Barat,,,,,,,,,,,,,,,,,,,,,,,,,,,,,,,,,,,,,,,,,,,,,,,,,,,,,,,,,,,,,,,,,,,,,,,,,,,,,,,,,,,,,,,,,,,,,,,,,,,,,,,,,,,,,,,,,,,,,,,,,,,,,,,,,,,,,,,,,,,,,,,,,,,,,,,,,,,,,,,,,,,,,,,,,,,,,,,,,,,,,,,,,,,,,,,,,,,,,,,,,,,,,,,,,,,,,,,,,,,,,,,,,,,,,,,,,,,,,,,,,,,,,,,,,,,,,,,,,,,,,,,,,,,,,,,,,,,,,,,,,,,,,,,,,,,,,,,,,,,,,,,,,,,,,,,,,,,,,,,,,,,,,,,,,,,,,,,,,,,,,,,,,,,,,,,,,,,,,,,,,,,,,,,,,,,,,,,,,,,,,,,,,,,,,,,,,,,,,,,,,,,,,,,,,,,,,,,,,,,,,,,,,,,
Maluku,,,,,,,,,,,,,,,,,,,,,,,,,,,,,,,,,,,,,,,,,,,,,,,,,,,,,,,,,,,,,,,,,,,,,,,,,,,,,,,,,,,,,,,,,,,,,,,,,,,,,,,,,,,,,,,,,,,,,,,,,,,,,,,,,,,,,,,,,,,,,,,,,,,,,,,,,,,,,,,,,,,,,,,,,,,,,,,,,,,,,,,,,,,,,,,,,,,,,,,,,,,,,,,,,,,,,,,,,,,,,,,,,,,,,,,,,,,,,,,,,,,,,,,,,,,,,,,,,,,,,,,,,,,,,,,,,,,,,,,,,,,,,,,,,,,,,,,,,,,,,,,,,,,,,,,,,,,,,,,,,,,,,,,,,,,,,,,,,,,,,,,,,,,,,,,,,,,,,,,,,,,,,,,,,,,,,,,,,,,,,,,,,,,,,,,,,,,,,,,,,,,,,,,,,,,,,,,,,,,,,,,,,,,
Maluku Utara,,,,,,,,,,,,,,,,,,,,,,,,,,,,,,,,,,,,,,,,,,,,,,,,,,,,,,,,,,,,,,,,,,,,,,,,,,,,,,,,,,,,,,,,,,,,,,,,,,,,,,,,,,,,,,,,,,,,,,,,,,,,,,,,,,,,,,,,,,,,,,,,,,,,,,,,,,,,,,,,,,,,,,,,,,,,,,,,,,,,,,,,,,,,,,,,,,,,,,,,,,,,,,,,,,,,,,,,,,,,,,,,,,,,,,,,,,,,,,,,,,,,,,,,,,,,,,,,,,,,,,,,,,,,,,,,,,,,,,,,,,,,,,,,,,,,,,,,,,,,,,,,,,,,,,,,,,,,,,,,,,,,,,,,,,,,,,,,,,,,,,,,,,,,,,,,,,,,,,,,,,,,,,,,,,,,,,,,,,,,,,,,,,,,,,,,,,,,,,,,,,,,,,,,,,,,,,,,,,,,,,,,,,,
Papua Barat,,,,,,,,,,,,,,,,,,,,,,,,,,,,,,,,,,,,,,,,,,,,,,,,,,,,,,,,,,,,,,,,,,,,,,,,,,,,,,,,,,,,,,,,,,,,,,,,,,,,,,,,,,,,,,,,,,,,,,,,,,,,,,,,,,,,,,,,,,,,,,,,,,,,,,,,,,,,,,,,,,,,,,,,,,,,,,,,,,,,,,,,,,,,,,,,,,,,,,,,,,,,,,,,,,,,,,,,,,,,,,,,,,,,,,,,,,,,,,,,,,,,,,,,,,,,,,,,,,,,,,,,,,,,,,,,,,,,,,,,,,,,,,,,,,,,,,,,,,,,,,,,,,,,,,,,,,,,,,,,,,,,,,,,,,,,,,,,,,,,,,,,,,,,,,,,,,,,,,,,,,,,,,,,,,,,,,,,,,,,,,,,,,,,,,,,,,,,,,,,,,,,,,,,,,,,,,,,,,,,,,,,,,,
Papua,,,,,,,,,,,,,,,,,,,,,,,,,,,,,,,,,,,,,,,,,,,,,,,,,,,,,,,,,,,,,,,,,,,,,,,,,,,,,,,,,,,,,,,,,,,,,,,,,,,,,,,,,,,,,,,,,,,,,,,,,,,,,,,,,,,,,,,,,,,,,,,,,,,,,,,,,,,,,,,,,,,,,,,,,,,,,,,,,,,,,,,,,,,,,,,,,,,,,,,,,,,,,,,,,,,,,,,,,,,,,,,,,,,,,,,,,,,,,,,,,,,,,,,,,,,,,,,,,,,,,,,,,,,,,,,,,,,,,,,,,,,,,,,,,,,,,,,,,,,,,,,,,,,,,,,,,,,,,,,,,,,,,,,,,,,,,,,,,,,,,,,,,,,,,,,,,,,,,,,,,,,,,,,,,,,,,,,,,,,,,,,,,,,,,,,,,,,,,,,,,,,,,,,,,,,,,,,,,,,,,,,,,,,
